gw1n1-000,GW1N-LV1CS30C6/I5,GW1N,GW1N-1,WLCSP30,LV,C6/I5,6,24,1152,864,,72Kb,96Kb,,1,
gw1n1-001,GW1N-LV1CS30C5/I4,GW1N,GW1N-1,WLCSP30,LV,C5/I4,5,24,1152,864,,72Kb,96Kb,,1,
gw1n1-002,GW1N-LV1QN32C6/I5,GW1N,GW1N-1,QFN32,LV,C6/I5,6,26,1152,864,,72Kb,96Kb,,1,
gw1n1-003,GW1N-LV1QN32C5/I4,GW1N,GW1N-1,QFN32,LV,C5/I4,5,26,1152,864,,72Kb,96Kb,,1,
gw1n1-004,GW1N-LV1QN48C6/I5,GW1N,GW1N-1,QFN48,LV,C6/I5,6,41,1152,864,,72Kb,96Kb,,1,
gw1n1-005,GW1N-LV1QN48C5/I4,GW1N,GW1N-1,QFN48,LV,C5/I4,5,41,1152,864,,72Kb,96Kb,,1,
gw1n1-010,GW1N-LV1LQ100C6/I5,GW1N,GW1N-1,LQFP100,LV,C6/I5,6,79,1152,864,,72Kb,96Kb,,1,
gw1n1-011,GW1N-LV1LQ100C5/I4,GW1N,GW1N-1,LQFP100,LV,C5/I4,5,79,1152,864,,72Kb,96Kb,,1,
gw1n1-012,GW1N-LV1LQ144C6/I5,GW1N,GW1N-1,LQFP144,LV,C6/I5,6,116,1152,864,,72Kb,96Kb,,1,
gw1n1-013,GW1N-LV1LQ144C5/I4,GW1N,GW1N-1,LQFP144,LV,C5/I4,5,116,1152,864,,72Kb,96Kb,,1,
gw1n1-014,GW1N-LV1LQ100XC6/I5,GW1N,GW1N-1,LQFP100X,LV,C6/I5,6,79,1152,864,,72Kb,96Kb,,1,
gw1n1-015,GW1N-LV1LQ100XC5/I4,GW1N,GW1N-1,LQFP100X,LV,C5/I4,5,79,1152,864,,72Kb,96Kb,,1,
gw1n1-016,GW1N-UV1LQ100XC6/I5,GW1N,GW1N-1,LQFP100X,UV,C6/I5,6,79,1152,864,,72Kb,96Kb,,1,
gw1n1-017,GW1N-UV1LQ100XC5/I4,GW1N,GW1N-1,LQFP100X,UV,C5/I4,5,79,1152,864,,72Kb,96Kb,,1,
gw1n2-000,GW1N-LV2QN32C6/I5,GW1N,GW1N-2,QFN32,LV,C6/I5,6,24,2304,1728,,180Kb,256Kb,16,2,2
gw1n2-001,GW1N-LV2QN32C5/I4,GW1N,GW1N-2,QFN32,LV,C5/I4,5,24,2304,1728,,180Kb,256Kb,16,2,2
gw1n2-002,GW1N-LV2QN48C6/I5,GW1N,GW1N-2,QFN48,LV,C6/I5,6,40,2304,1728,,180Kb,256Kb,16,2,2
gw1n2-003,GW1N-LV2QN48C5/I4,GW1N,GW1N-2,QFN48,LV,C5/I4,5,40,2304,1728,,180Kb,256Kb,16,2,2
gw1n2-004,GW1N-LV2QN88C6/I5,GW1N,GW1N-2,QFN88,LV,C6/I5,6,70,2304,1728,,180Kb,256Kb,16,2,2
gw1n2-005,GW1N-LV2QN88C5/I4,GW1N,GW1N-2,QFN88,LV,C5/I4,5,70,2304,1728,,180Kb,256Kb,16,2,2
gw1n2-006,GW1N-LV2CS72C6/I5,GW1N,GW1N-2,WLCSP72,LV,C6/I5,6,57,2304,1728,,180Kb,256Kb,16,2,2
gw1n2-007,GW1N-LV2CS72C5/I4,GW1N,GW1N-2,WLCSP72,LV,C5/I4,5,57,2304,1728,,180Kb,256Kb,16,2,2
gw1n2-008,GW1N-LV2LQ100C6/I5,GW1N,GW1N-2,LQFP100,LV,C6/I5,6,79,2304,1728,,180Kb,256Kb,16,2,2
gw1n2-009,GW1N-LV2LQ100C5/I4,GW1N,GW1N-2,LQFP100,LV,C5/I4,5,79,2304,1728,,180Kb,256Kb,16,2,2
gw1n2-010,GW1N-LV2LQ144C6/I5,GW1N,GW1N-2,LQFP144,LV,C6/I5,6,119,2304,1728,,180Kb,256Kb,16,2,2
gw1n2-011,GW1N-LV2LQ144C5/I4,GW1N,GW1N-2,LQFP144,LV,C5/I4,5,119,2304,1728,,180Kb,256Kb,16,2,2
gw1n2-012,GW1N-LV2MG160C6/I5,GW1N,GW1N-2,MBGA160,LV,C6/I5,6,131,2304,1728,,180Kb,256Kb,16,2,2
gw1n2-013,GW1N-LV2MG160C5/I4,GW1N,GW1N-2,MBGA160,LV,C5/I4,5,131,2304,1728,,180Kb,256Kb,16,2,2
gw1n2-014,GW1N-LV2PG256C6/I5,GW1N,GW1N-2,PBGA256,LV,C6/I5,6,207,2304,1728,,180Kb,256Kb,16,2,2
gw1n2-015,GW1N-LV2PG256C5/I4,GW1N,GW1N-2,PBGA256,LV,C5/I4,5,207,2304,1728,,180Kb,256Kb,16,2,2
gw1n2-016,GW1N-LV2PG256MC6/I5,GW1N,GW1N-2,PBGA256M,LV,C6/I5,6,207,2304,1728,,180Kb,256Kb,16,2,2
gw1n2-017,GW1N-LV2PG256MC5/I4,GW1N,GW1N-2,PBGA256M,LV,C5/I4,5,207,2304,1728,,180Kb,256Kb,16,2,2
gw1n2-018,GW1N-UV2QN32C6/I5,GW1N,GW1N-2,QFN32,UV,C6/I5,6,24,2304,1728,,180Kb,256Kb,16,2,2
gw1n2-019,GW1N-UV2QN32C5/I4,GW1N,GW1N-2,QFN32,UV,C5/I4,5,24,2304,1728,,180Kb,256Kb,16,2,2
gw1n2-020,GW1N-UV2QN48C6/I5,GW1N,GW1N-2,QFN48,UV,C6/I5,6,40,2304,1728,,180Kb,256Kb,16,2,2
gw1n2-021,GW1N-UV2QN48C5/I4,GW1N,GW1N-2,QFN48,UV,C5/I4,5,40,2304,1728,,180Kb,256Kb,16,2,2
gw1n2-022,GW1N-UV2QN88C6/I5,GW1N,GW1N-2,QFN88,UV,C6/I5,6,70,2304,1728,,180Kb,256Kb,16,2,2
gw1n2-023,GW1N-UV2QN88C5/I4,GW1N,GW1N-2,QFN88,UV,C5/I4,5,70,2304,1728,,180Kb,256Kb,16,2,2
gw1n2-024,GW1N-UV2CS72C6/I5,GW1N,GW1N-2,WLCSP72,UV,C6/I5,6,57,2304,1728,,180Kb,256Kb,16,2,2
gw1n2-025,GW1N-UV2CS72C5/I4,GW1N,GW1N-2,WLCSP72,UV,C5/I4,5,57,2304,1728,,180Kb,256Kb,16,2,2
gw1n2-026,GW1N-UV2LQ100C6/I5,GW1N,GW1N-2,LQFP100,UV,C6/I5,6,79,2304,1728,,180Kb,256Kb,16,2,2
gw1n2-027,GW1N-UV2LQ100C5/I4,GW1N,GW1N-2,LQFP100,UV,C5/I4,5,79,2304,1728,,180Kb,256Kb,16,2,2
gw1n2-028,GW1N-UV2LQ144C6/I5,GW1N,GW1N-2,LQFP144,UV,C6/I5,6,119,2304,1728,,180Kb,256Kb,16,2,2
gw1n2-029,GW1N-UV2LQ144C5/I4,GW1N,GW1N-2,LQFP144,UV,C5/I4,5,119,2304,1728,,180Kb,256Kb,16,2,2
gw1n2-030,GW1N-UV2MG160C6/I5,GW1N,GW1N-2,MBGA160,UV,C6/I5,6,131,2304,1728,,180Kb,256Kb,16,2,2
gw1n2-031,GW1N-UV2MG160C5/I4,GW1N,GW1N-2,MBGA160,UV,C5/I4,5,131,2304,1728,,180Kb,256Kb,16,2,2
gw1n2-032,GW1N-UV2PG256C6/I5,GW1N,GW1N-2,PBGA256,UV,C6/I5,6,207,2304,1728,,180Kb,256Kb,16,2,2
gw1n2-033,GW1N-UV2PG256C5/I4,GW1N,GW1N-2,PBGA256,UV,C5/I4,5,207,2304,1728,,180Kb,256Kb,16,2,2
gw1n2-034,GW1N-UV2PG256MC6/I5,GW1N,GW1N-2,PBGA256M,UV,C6/I5,6,207,2304,1728,,180Kb,256Kb,16,2,2
gw1n2-035,GW1N-UV2PG256MC5/I4,GW1N,GW1N-2,PBGA256M,UV,C5/I4,5,207,2304,1728,,180Kb,256Kb,16,2,2
gw1n2-036,GW1N-LV2QN88A4,GW1N,GW1N-2,QFN88,LV,A4,4,70,2304,1728,,180Kb,256Kb,16,2,2
gw1n2-037,GW1N-UV2QN88A4,GW1N,GW1N-2,QFN88,UV,A4,4,70,2304,1728,,180Kb,256Kb,16,2,2
gw1n2-038,GW1N-LV2PG256A4,GW1N,GW1N-2,PBGA256,LV,A4,4,207,2304,1728,,180Kb,256Kb,16,2,2
gw1n2-039,GW1N-UV2PG256A4,GW1N,GW1N-2,PBGA256,UV,A4,4,207,2304,1728,,180Kb,256Kb,16,2,2
gw1n2b-000,GW1N-LV2QN32C6/I5,GW1N,GW1N-2B,QFN32,LV,C6/I5,6,24,2304,1728,,180Kb,256Kb,16,2,2
gw1n2b-001,GW1N-LV2QN32C5/I4,GW1N,GW1N-2B,QFN32,LV,C5/I4,5,24,2304,1728,,180Kb,256Kb,16,2,2
gw1n2b-002,GW1N-LV2QN48C6/I5,GW1N,GW1N-2B,QFN48,LV,C6/I5,6,40,2304,1728,,180Kb,256Kb,16,2,2
gw1n2b-003,GW1N-LV2QN48C5/I4,GW1N,GW1N-2B,QFN48,LV,C5/I4,5,40,2304,1728,,180Kb,256Kb,16,2,2
gw1n2b-004,GW1N-LV2QN88C6/I5,GW1N,GW1N-2B,QFN88,LV,C6/I5,6,70,2304,1728,,180Kb,256Kb,16,2,2
gw1n2b-005,GW1N-LV2QN88C5/I4,GW1N,GW1N-2B,QFN88,LV,C5/I4,5,70,2304,1728,,180Kb,256Kb,16,2,2
gw1n2b-006,GW1N-LV2CS72C6/I5,GW1N,GW1N-2B,WLCSP72,LV,C6/I5,6,57,2304,1728,,180Kb,256Kb,16,2,2
gw1n2b-007,GW1N-LV2CS72C5/I4,GW1N,GW1N-2B,WLCSP72,LV,C5/I4,5,57,2304,1728,,180Kb,256Kb,16,2,2
gw1n2b-008,GW1N-LV2LQ100C6/I5,GW1N,GW1N-2B,LQFP100,LV,C6/I5,6,79,2304,1728,,180Kb,256Kb,16,2,2
gw1n2b-009,GW1N-LV2LQ100C5/I4,GW1N,GW1N-2B,LQFP100,LV,C5/I4,5,79,2304,1728,,180Kb,256Kb,16,2,2
gw1n2b-010,GW1N-LV2LQ144C6/I5,GW1N,GW1N-2B,LQFP144,LV,C6/I5,6,119,2304,1728,,180Kb,256Kb,16,2,2
gw1n2b-011,GW1N-LV2LQ144C5/I4,GW1N,GW1N-2B,LQFP144,LV,C5/I4,5,119,2304,1728,,180Kb,256Kb,16,2,2
gw1n2b-012,GW1N-LV2MG160C6/I5,GW1N,GW1N-2B,MBGA160,LV,C6/I5,6,131,2304,1728,,180Kb,256Kb,16,2,2
gw1n2b-013,GW1N-LV2MG160C5/I4,GW1N,GW1N-2B,MBGA160,LV,C5/I4,5,131,2304,1728,,180Kb,256Kb,16,2,2
gw1n2b-014,GW1N-LV2PG256C6/I5,GW1N,GW1N-2B,PBGA256,LV,C6/I5,6,207,2304,1728,,180Kb,256Kb,16,2,2
gw1n2b-015,GW1N-LV2PG256C5/I4,GW1N,GW1N-2B,PBGA256,LV,C5/I4,5,207,2304,1728,,180Kb,256Kb,16,2,2
gw1n2b-016,GW1N-LV2PG256MC6/I5,GW1N,GW1N-2B,PBGA256M,LV,C6/I5,6,207,2304,1728,,180Kb,256Kb,16,2,2
gw1n2b-017,GW1N-LV2PG256MC5/I4,GW1N,GW1N-2B,PBGA256M,LV,C5/I4,5,207,2304,1728,,180Kb,256Kb,16,2,2
gw1n2b-018,GW1N-UV2QN32C6/I5,GW1N,GW1N-2B,QFN32,UV,C6/I5,6,24,2304,1728,,180Kb,256Kb,16,2,2
gw1n2b-019,GW1N-UV2QN32C5/I4,GW1N,GW1N-2B,QFN32,UV,C5/I4,5,24,2304,1728,,180Kb,256Kb,16,2,2
gw1n2b-020,GW1N-UV2QN48C6/I5,GW1N,GW1N-2B,QFN48,UV,C6/I5,6,40,2304,1728,,180Kb,256Kb,16,2,2
gw1n2b-021,GW1N-UV2QN48C5/I4,GW1N,GW1N-2B,QFN48,UV,C5/I4,5,40,2304,1728,,180Kb,256Kb,16,2,2
gw1n2b-022,GW1N-UV2QN88C6/I5,GW1N,GW1N-2B,QFN88,UV,C6/I5,6,70,2304,1728,,180Kb,256Kb,16,2,2
gw1n2b-023,GW1N-UV2QN88C5/I4,GW1N,GW1N-2B,QFN88,UV,C5/I4,5,70,2304,1728,,180Kb,256Kb,16,2,2
gw1n2b-024,GW1N-UV2CS72C6/I5,GW1N,GW1N-2B,WLCSP72,UV,C6/I5,6,57,2304,1728,,180Kb,256Kb,16,2,2
gw1n2b-025,GW1N-UV2CS72C5/I4,GW1N,GW1N-2B,WLCSP72,UV,C5/I4,5,57,2304,1728,,180Kb,256Kb,16,2,2
gw1n2b-026,GW1N-UV2LQ100C6/I5,GW1N,GW1N-2B,LQFP100,UV,C6/I5,6,79,2304,1728,,180Kb,256Kb,16,2,2
gw1n2b-027,GW1N-UV2LQ100C5/I4,GW1N,GW1N-2B,LQFP100,UV,C5/I4,5,79,2304,1728,,180Kb,256Kb,16,2,2
gw1n2b-028,GW1N-UV2LQ144C6/I5,GW1N,GW1N-2B,LQFP144,UV,C6/I5,6,119,2304,1728,,180Kb,256Kb,16,2,2
gw1n2b-029,GW1N-UV2LQ144C5/I4,GW1N,GW1N-2B,LQFP144,UV,C5/I4,5,119,2304,1728,,180Kb,256Kb,16,2,2
gw1n2b-030,GW1N-UV2MG160C6/I5,GW1N,GW1N-2B,MBGA160,UV,C6/I5,6,131,2304,1728,,180Kb,256Kb,16,2,2
gw1n2b-031,GW1N-UV2MG160C5/I4,GW1N,GW1N-2B,MBGA160,UV,C5/I4,5,131,2304,1728,,180Kb,256Kb,16,2,2
gw1n2b-032,GW1N-UV2PG256C6/I5,GW1N,GW1N-2B,PBGA256,UV,C6/I5,6,207,2304,1728,,180Kb,256Kb,16,2,2
gw1n2b-033,GW1N-UV2PG256C5/I4,GW1N,GW1N-2B,PBGA256,UV,C5/I4,5,207,2304,1728,,180Kb,256Kb,16,2,2
gw1n2b-034,GW1N-UV2PG256MC6/I5,GW1N,GW1N-2B,PBGA256M,UV,C6/I5,6,207,2304,1728,,180Kb,256Kb,16,2,2
gw1n2b-035,GW1N-UV2PG256MC5/I4,GW1N,GW1N-2B,PBGA256M,UV,C5/I4,5,207,2304,1728,,180Kb,256Kb,16,2,2
gw1n2b-036,GW1N-LV2QN88A4,GW1N,GW1N-2B,QFN88,LV,A4,4,70,2304,1728,,180Kb,256Kb,16,2,2
gw1n2b-037,GW1N-UV2QN88A4,GW1N,GW1N-2B,QFN88,UV,A4,4,70,2304,1728,,180Kb,256Kb,16,2,2
gw1n4-000,GW1N-LV4QN32C6/I5,GW1N,GW1N-4,QFN32,LV,C6/I5,6,24,4608,3456,,180Kb,256Kb,16,2,2
gw1n4-001,GW1N-LV4QN32C5/I4,GW1N,GW1N-4,QFN32,LV,C5/I4,5,24,4608,3456,,180Kb,256Kb,16,2,2
gw1n4-002,GW1N-LV4QN48C6/I5,GW1N,GW1N-4,QFN48,LV,C6/I5,6,40,4608,3456,,180Kb,256Kb,16,2,2
gw1n4-003,GW1N-LV4QN48C5/I4,GW1N,GW1N-4,QFN48,LV,C5/I4,5,40,4608,3456,,180Kb,256Kb,16,2,2
gw1n4-004,GW1N-LV4QN88C6/I5,GW1N,GW1N-4,QFN88,LV,C6/I5,6,70,4608,3456,,180Kb,256Kb,16,2,2
gw1n4-005,GW1N-LV4QN88C5/I4,GW1N,GW1N-4,QFN88,LV,C5/I4,5,70,4608,3456,,180Kb,256Kb,16,2,2
gw1n4-006,GW1N-LV4QN88A4,GW1N,GW1N-4,QFN88,LV,A4,4,70,4608,3456,,180Kb,256Kb,16,2,2
gw1n4-007,GW1N-LV4CS72C6/I5,GW1N,GW1N-4,WLCSP72,LV,C6/I5,6,57,4608,3456,,180Kb,256Kb,16,2,2
gw1n4-008,GW1N-LV4CS72C5/I4,GW1N,GW1N-4,WLCSP72,LV,C5/I4,5,57,4608,3456,,180Kb,256Kb,16,2,2
gw1n4-009,GW1N-LV4LQ100C6/I5,GW1N,GW1N-4,LQFP100,LV,C6/I5,6,79,4608,3456,,180Kb,256Kb,16,2,2
gw1n4-010,GW1N-LV4LQ100C5/I4,GW1N,GW1N-4,LQFP100,LV,C5/I4,5,79,4608,3456,,180Kb,256Kb,16,2,2
gw1n4-011,GW1N-LV4LQ144C6/I5,GW1N,GW1N-4,LQFP144,LV,C6/I5,6,119,4608,3456,,180Kb,256Kb,16,2,2
gw1n4-012,GW1N-LV4LQ144C5/I4,GW1N,GW1N-4,LQFP144,LV,C5/I4,5,119,4608,3456,,180Kb,256Kb,16,2,2
gw1n4-013,GW1N-LV4MG160C6/I5,GW1N,GW1N-4,MBGA160,LV,C6/I5,6,131,4608,3456,,180Kb,256Kb,16,2,2
gw1n4-014,GW1N-LV4MG160C5/I4,GW1N,GW1N-4,MBGA160,LV,C5/I4,5,131,4608,3456,,180Kb,256Kb,16,2,2
gw1n4-015,GW1N-LV4PG256C6/I5,GW1N,GW1N-4,PBGA256,LV,C6/I5,6,207,4608,3456,,180Kb,256Kb,16,2,2
gw1n4-016,GW1N-LV4PG256C5/I4,GW1N,GW1N-4,PBGA256,LV,C5/I4,5,207,4608,3456,,180Kb,256Kb,16,2,2
gw1n4-017,GW1N-LV4PG256MC6/I5,GW1N,GW1N-4,PBGA256M,LV,C6/I5,6,207,4608,3456,,180Kb,256Kb,16,2,2
gw1n4-018,GW1N-LV4PG256MC5/I4,GW1N,GW1N-4,PBGA256M,LV,C5/I4,5,207,4608,3456,,180Kb,256Kb,16,2,2
gw1n4-019,GW1N-UV4QN32C6/I5,GW1N,GW1N-4,QFN32,UV,C6/I5,6,24,4608,3456,,180Kb,256Kb,16,2,2
gw1n4-020,GW1N-UV4QN32C5/I4,GW1N,GW1N-4,QFN32,UV,C5/I4,5,24,4608,3456,,180Kb,256Kb,16,2,2
gw1n4-021,GW1N-UV4QN48C6/I5,GW1N,GW1N-4,QFN48,UV,C6/I5,6,40,4608,3456,,180Kb,256Kb,16,2,2
gw1n4-022,GW1N-UV4QN48C5/I4,GW1N,GW1N-4,QFN48,UV,C5/I4,5,40,4608,3456,,180Kb,256Kb,16,2,2
gw1n4-023,GW1N-UV4QN88C6/I5,GW1N,GW1N-4,QFN88,UV,C6/I5,6,70,4608,3456,,180Kb,256Kb,16,2,2
gw1n4-024,GW1N-UV4QN88C5/I4,GW1N,GW1N-4,QFN88,UV,C5/I4,5,70,4608,3456,,180Kb,256Kb,16,2,2
gw1n4-025,GW1N-UV4QN88A4,GW1N,GW1N-4,QFN88,UV,A4,4,70,4608,3456,,180Kb,256Kb,16,2,2
gw1n4-026,GW1N-UV4CS72C6/I5,GW1N,GW1N-4,WLCSP72,UV,C6/I5,6,57,4608,3456,,180Kb,256Kb,16,2,2
gw1n4-027,GW1N-UV4CS72C5/I4,GW1N,GW1N-4,WLCSP72,UV,C5/I4,5,57,4608,3456,,180Kb,256Kb,16,2,2
gw1n4-028,GW1N-UV4LQ100C6/I5,GW1N,GW1N-4,LQFP100,UV,C6/I5,6,79,4608,3456,,180Kb,256Kb,16,2,2
gw1n4-029,GW1N-UV4LQ100C5/I4,GW1N,GW1N-4,LQFP100,UV,C5/I4,5,79,4608,3456,,180Kb,256Kb,16,2,2
gw1n4-030,GW1N-UV4LQ144C6/I5,GW1N,GW1N-4,LQFP144,UV,C6/I5,6,119,4608,3456,,180Kb,256Kb,16,2,2
gw1n4-031,GW1N-UV4LQ144C5/I4,GW1N,GW1N-4,LQFP144,UV,C5/I4,5,119,4608,3456,,180Kb,256Kb,16,2,2
gw1n4-032,GW1N-UV4MG160C6/I5,GW1N,GW1N-4,MBGA160,UV,C6/I5,6,131,4608,3456,,180Kb,256Kb,16,2,2
gw1n4-033,GW1N-UV4MG160C5/I4,GW1N,GW1N-4,MBGA160,UV,C5/I4,5,131,4608,3456,,180Kb,256Kb,16,2,2
gw1n4-034,GW1N-UV4PG256C6/I5,GW1N,GW1N-4,PBGA256,UV,C6/I5,6,207,4608,3456,,180Kb,256Kb,16,2,2
gw1n4-035,GW1N-UV4PG256C5/I4,GW1N,GW1N-4,PBGA256,UV,C5/I4,5,207,4608,3456,,180Kb,256Kb,16,2,2
gw1n4-036,GW1N-UV4PG256MC6/I5,GW1N,GW1N-4,PBGA256M,UV,C6/I5,6,207,4608,3456,,180Kb,256Kb,16,2,2
gw1n4-037,GW1N-UV4PG256MC5/I4,GW1N,GW1N-4,PBGA256M,UV,C5/I4,5,207,4608,3456,,180Kb,256Kb,16,2,2
gw1n4-038,GW1N-LV4PG256A4,GW1N,GW1N-4,PBGA256,LV,A4,4,207,4608,3456,,180Kb,256Kb,16,2,2
gw1n4-039,GW1N-UV4PG256A4,GW1N,GW1N-4,PBGA256,UV,A4,4,207,4608,3456,,180Kb,256Kb,16,2,2
gw1n4-040,GW1N-LV4MG160I5H,GW1N,GW1N-4,MBGA160,LV,I5H,5H,131,4608,3456,,180Kb,256Kb,16,2,2
gw1n4b-000,GW1N-LV4QN32C6/I5,GW1N,GW1N-4B,QFN32,LV,C6/I5,6,24,4608,3456,,180Kb,256Kb,16,2,2
gw1n4b-001,GW1N-LV4QN32C5/I4,GW1N,GW1N-4B,QFN32,LV,C5/I4,5,24,4608,3456,,180Kb,256Kb,16,2,2
gw1n4b-002,GW1N-LV4QN48C6/I5,GW1N,GW1N-4B,QFN48,LV,C6/I5,6,40,4608,3456,,180Kb,256Kb,16,2,2
gw1n4b-003,GW1N-LV4QN48C5/I4,GW1N,GW1N-4B,QFN48,LV,C5/I4,5,40,4608,3456,,180Kb,256Kb,16,2,2
gw1n4b-004,GW1N-LV4QN88C6/I5,GW1N,GW1N-4B,QFN88,LV,C6/I5,6,70,4608,3456,,180Kb,256Kb,16,2,2
gw1n4b-005,GW1N-LV4QN88C5/I4,GW1N,GW1N-4B,QFN88,LV,C5/I4,5,70,4608,3456,,180Kb,256Kb,16,2,2
gw1n4b-006,GW1N-LV4QN88A4,GW1N,GW1N-4B,QFN88,LV,A4,4,70,4608,3456,,180Kb,256Kb,16,2,2
gw1n4b-007,GW1N-LV4CS72C6/I5,GW1N,GW1N-4B,WLCSP72,LV,C6/I5,6,57,4608,3456,,180Kb,256Kb,16,2,2
gw1n4b-008,GW1N-LV4CS72C5/I4,GW1N,GW1N-4B,WLCSP72,LV,C5/I4,5,57,4608,3456,,180Kb,256Kb,16,2,2
gw1n4b-009,GW1N-LV4LQ100C6/I5,GW1N,GW1N-4B,LQFP100,LV,C6/I5,6,79,4608,3456,,180Kb,256Kb,16,2,2
gw1n4b-010,GW1N-LV4LQ100C5/I4,GW1N,GW1N-4B,LQFP100,LV,C5/I4,5,79,4608,3456,,180Kb,256Kb,16,2,2
gw1n4b-011,GW1N-LV4LQ144C6/I5,GW1N,GW1N-4B,LQFP144,LV,C6/I5,6,119,4608,3456,,180Kb,256Kb,16,2,2
gw1n4b-012,GW1N-LV4LQ144C5/I4,GW1N,GW1N-4B,LQFP144,LV,C5/I4,5,119,4608,3456,,180Kb,256Kb,16,2,2
gw1n4b-013,GW1N-LV4MG160C6/I5,GW1N,GW1N-4B,MBGA160,LV,C6/I5,6,131,4608,3456,,180Kb,256Kb,16,2,2
gw1n4b-014,GW1N-LV4MG160C5/I4,GW1N,GW1N-4B,MBGA160,LV,C5/I4,5,131,4608,3456,,180Kb,256Kb,16,2,2
gw1n4b-015,GW1N-LV4PG256C6/I5,GW1N,GW1N-4B,PBGA256,LV,C6/I5,6,207,4608,3456,,180Kb,256Kb,16,2,2
gw1n4b-016,GW1N-LV4PG256C5/I4,GW1N,GW1N-4B,PBGA256,LV,C5/I4,5,207,4608,3456,,180Kb,256Kb,16,2,2
gw1n4b-017,GW1N-LV4PG256MC6/I5,GW1N,GW1N-4B,PBGA256M,LV,C6/I5,6,207,4608,3456,,180Kb,256Kb,16,2,2
gw1n4b-018,GW1N-LV4PG256MC5/I4,GW1N,GW1N-4B,PBGA256M,LV,C5/I4,5,207,4608,3456,,180Kb,256Kb,16,2,2
gw1n4b-019,GW1N-UV4QN32C6/I5,GW1N,GW1N-4B,QFN32,UV,C6/I5,6,24,4608,3456,,180Kb,256Kb,16,2,2
gw1n4b-020,GW1N-UV4QN32C5/I4,GW1N,GW1N-4B,QFN32,UV,C5/I4,5,24,4608,3456,,180Kb,256Kb,16,2,2
gw1n4b-021,GW1N-UV4QN48C6/I5,GW1N,GW1N-4B,QFN48,UV,C6/I5,6,40,4608,3456,,180Kb,256Kb,16,2,2
gw1n4b-022,GW1N-UV4QN48C5/I4,GW1N,GW1N-4B,QFN48,UV,C5/I4,5,40,4608,3456,,180Kb,256Kb,16,2,2
gw1n4b-023,GW1N-UV4QN88C6/I5,GW1N,GW1N-4B,QFN88,UV,C6/I5,6,70,4608,3456,,180Kb,256Kb,16,2,2
gw1n4b-024,GW1N-UV4QN88C5/I4,GW1N,GW1N-4B,QFN88,UV,C5/I4,5,70,4608,3456,,180Kb,256Kb,16,2,2
gw1n4b-025,GW1N-UV4QN88A4,GW1N,GW1N-4B,QFN88,UV,A4,4,70,4608,3456,,180Kb,256Kb,16,2,2
gw1n4b-026,GW1N-UV4CS72C6/I5,GW1N,GW1N-4B,WLCSP72,UV,C6/I5,6,57,4608,3456,,180Kb,256Kb,16,2,2
gw1n4b-027,GW1N-UV4CS72C5/I4,GW1N,GW1N-4B,WLCSP72,UV,C5/I4,5,57,4608,3456,,180Kb,256Kb,16,2,2
gw1n4b-028,GW1N-UV4LQ100C6/I5,GW1N,GW1N-4B,LQFP100,UV,C6/I5,6,79,4608,3456,,180Kb,256Kb,16,2,2
gw1n4b-029,GW1N-UV4LQ100C5/I4,GW1N,GW1N-4B,LQFP100,UV,C5/I4,5,79,4608,3456,,180Kb,256Kb,16,2,2
gw1n4b-030,GW1N-UV4LQ144C6/I5,GW1N,GW1N-4B,LQFP144,UV,C6/I5,6,119,4608,3456,,180Kb,256Kb,16,2,2
gw1n4b-031,GW1N-UV4LQ144C5/I4,GW1N,GW1N-4B,LQFP144,UV,C5/I4,5,119,4608,3456,,180Kb,256Kb,16,2,2
gw1n4b-032,GW1N-UV4MG160C6/I5,GW1N,GW1N-4B,MBGA160,UV,C6/I5,6,131,4608,3456,,180Kb,256Kb,16,2,2
gw1n4b-033,GW1N-UV4MG160C5/I4,GW1N,GW1N-4B,MBGA160,UV,C5/I4,5,131,4608,3456,,180Kb,256Kb,16,2,2
gw1n4b-034,GW1N-UV4PG256C6/I5,GW1N,GW1N-4B,PBGA256,UV,C6/I5,6,207,4608,3456,,180Kb,256Kb,16,2,2
gw1n4b-035,GW1N-UV4PG256C5/I4,GW1N,GW1N-4B,PBGA256,UV,C5/I4,5,207,4608,3456,,180Kb,256Kb,16,2,2
gw1n4b-036,GW1N-UV4PG256MC6/I5,GW1N,GW1N-4B,PBGA256M,UV,C6/I5,6,207,4608,3456,,180Kb,256Kb,16,2,2
gw1n4b-037,GW1N-UV4PG256MC5/I4,GW1N,GW1N-4B,PBGA256M,UV,C5/I4,5,207,4608,3456,,180Kb,256Kb,16,2,2
gw1n4b-038,GW1N-UV4MG132XES,GW1N,GW1N-4B,MBGA132X,UV,ES,5,105,4608,3456,,180Kb,256Kb,16,2,2
gw1n4b-039,GW1N-UV4MG132XC6/I5,GW1N,GW1N-4B,MBGA132X,UV,C6/I5,6,105,4608,3456,,180Kb,256Kb,16,2,2
gw1n4b-040,GW1N-UV4MG132XC5/I4,GW1N,GW1N-4B,MBGA132X,UV,C5/I4,5,105,4608,3456,,180Kb,256Kb,16,2,2
gw1n4b-041,GW1N-LV4MG132XES,GW1N,GW1N-4B,MBGA132X,LV,ES,5,105,4608,3456,,180Kb,256Kb,16,2,2
gw1n4b-042,GW1N-LV4MG132XC6/I5,GW1N,GW1N-4B,MBGA132X,LV,C6/I5,6,105,4608,3456,,180Kb,256Kb,16,2,2
gw1n4b-043,GW1N-LV4MG132XC5/I4,GW1N,GW1N-4B,MBGA132X,LV,C5/I4,5,105,4608,3456,,180Kb,256Kb,16,2,2
gw1n6-000,GW1N-LV6QN48C6/I5,GW1N,GW1N-6,QFN48,LV,C6/I5,6,40,6912,5184,13824bit,468Kb,608Kb,20,2,4
gw1n6-001,GW1N-LV6QN48C5/I4,GW1N,GW1N-6,QFN48,LV,C5/I4,5,40,6912,5184,13824bit,468Kb,608Kb,20,2,4
gw1n6-002,GW1N-LV6QN88C6/I5,GW1N,GW1N-6,QFN88,LV,C6/I5,6,70,6912,5184,13824bit,468Kb,608Kb,20,2,4
gw1n6-003,GW1N-LV6QN88C5/I4,GW1N,GW1N-6,QFN88,LV,C5/I4,5,70,6912,5184,13824bit,468Kb,608Kb,20,2,4
gw1n6-004,GW1N-LV6LQ100C6/I5,GW1N,GW1N-6,LQFP100,LV,C6/I5,6,79,6912,5184,13824bit,468Kb,608Kb,20,2,4
gw1n6-005,GW1N-LV6LQ100C5/I4,GW1N,GW1N-6,LQFP100,LV,C5/I4,5,79,6912,5184,13824bit,468Kb,608Kb,20,2,4
gw1n6-006,GW1N-LV6LQ144C6/I5,GW1N,GW1N-6,LQFP144,LV,C6/I5,6,120,6912,5184,13824bit,468Kb,608Kb,20,2,4
gw1n6-007,GW1N-LV6LQ144C5/I4,GW1N,GW1N-6,LQFP144,LV,C5/I4,5,120,6912,5184,13824bit,468Kb,608Kb,20,2,4
gw1n6-008,GW1N-LV6LQ176C6/I5,GW1N,GW1N-6,LQFP176,LV,C6/I5,6,147,6912,5184,13824bit,468Kb,608Kb,20,2,4
gw1n6-009,GW1N-LV6LQ176C5/I4,GW1N,GW1N-6,LQFP176,LV,C5/I4,5,147,6912,5184,13824bit,468Kb,608Kb,20,2,4
gw1n6-010,GW1N-LV6MG160C6/I5,GW1N,GW1N-6,MBGA160,LV,C6/I5,6,131,6912,5184,13824bit,468Kb,608Kb,20,2,4
gw1n6-011,GW1N-LV6MG160C5/I4,GW1N,GW1N-6,MBGA160,LV,C5/I4,5,131,6912,5184,13824bit,468Kb,608Kb,20,2,4
gw1n6-012,GW1N-LV6PG256C6/I5,GW1N,GW1N-6,PBGA256,LV,C6/I5,6,207,6912,5184,13824bit,468Kb,608Kb,20,2,4
gw1n6-013,GW1N-LV6PG256C5/I4,GW1N,GW1N-6,PBGA256,LV,C5/I4,5,207,6912,5184,13824bit,468Kb,608Kb,20,2,4
gw1n6-014,GW1N-LV6UG332C6/I5,GW1N,GW1N-6,UBGA332,LV,C6/I5,6,273,6912,5184,13824bit,468Kb,608Kb,20,2,4
gw1n6-015,GW1N-LV6UG332C5/I4,GW1N,GW1N-6,UBGA332,LV,C5/I4,5,273,6912,5184,13824bit,468Kb,608Kb,20,2,4
gw1n6-016,GW1N-UV6QN48C6/I5,GW1N,GW1N-6,QFN48,UV,C6/I5,6,40,6912,5184,13824bit,468Kb,608Kb,20,2,4
gw1n6-017,GW1N-UV6QN48C5/I4,GW1N,GW1N-6,QFN48,UV,C5/I4,5,40,6912,5184,13824bit,468Kb,608Kb,20,2,4
gw1n6-018,GW1N-UV6QN88C6/I5,GW1N,GW1N-6,QFN88,UV,C6/I5,6,70,6912,5184,13824bit,468Kb,608Kb,20,2,4
gw1n6-019,GW1N-UV6QN88C5/I4,GW1N,GW1N-6,QFN88,UV,C5/I4,5,70,6912,5184,13824bit,468Kb,608Kb,20,2,4
gw1n6-020,GW1N-UV6LQ100C6/I5,GW1N,GW1N-6,LQFP100,UV,C6/I5,6,79,6912,5184,13824bit,468Kb,608Kb,20,2,4
gw1n6-021,GW1N-UV6LQ100C5/I4,GW1N,GW1N-6,LQFP100,UV,C5/I4,5,79,6912,5184,13824bit,468Kb,608Kb,20,2,4
gw1n6-022,GW1N-UV6LQ144C6/I5,GW1N,GW1N-6,LQFP144,UV,C6/I5,6,120,6912,5184,13824bit,468Kb,608Kb,20,2,4
gw1n6-023,GW1N-UV6LQ144C5/I4,GW1N,GW1N-6,LQFP144,UV,C5/I4,5,120,6912,5184,13824bit,468Kb,608Kb,20,2,4
gw1n6-024,GW1N-UV6LQ176C6/I5,GW1N,GW1N-6,LQFP176,UV,C6/I5,6,147,6912,5184,13824bit,468Kb,608Kb,20,2,4
gw1n6-025,GW1N-UV6LQ176C5/I4,GW1N,GW1N-6,LQFP176,UV,C5/I4,5,147,6912,5184,13824bit,468Kb,608Kb,20,2,4
gw1n6-026,GW1N-UV6MG160C6/I5,GW1N,GW1N-6,MBGA160,UV,C6/I5,6,131,6912,5184,13824bit,468Kb,608Kb,20,2,4
gw1n6-027,GW1N-UV6MG160C5/I4,GW1N,GW1N-6,MBGA160,UV,C5/I4,5,131,6912,5184,13824bit,468Kb,608Kb,20,2,4
gw1n6-028,GW1N-UV6PG256C6/I5,GW1N,GW1N-6,PBGA256,UV,C6/I5,6,207,6912,5184,13824bit,468Kb,608Kb,20,2,4
gw1n6-029,GW1N-UV6PG256C5/I4,GW1N,GW1N-6,PBGA256,UV,C5/I4,5,207,6912,5184,13824bit,468Kb,608Kb,20,2,4
gw1n6-030,GW1N-UV6UG332C6/I5,GW1N,GW1N-6,UBGA332,UV,C6/I5,6,273,6912,5184,13824bit,468Kb,608Kb,20,2,4
gw1n6-031,GW1N-UV6UG332C5/I4,GW1N,GW1N-6,UBGA332,UV,C5/I4,5,273,6912,5184,13824bit,468Kb,608Kb,20,2,4
gw1n6-032,GW1N-LV6UG256C6/I5,GW1N,GW1N-6,UBGA256,LV,C6/I5,6,207,6912,5184,13824bit,468Kb,608Kb,20,2,4
gw1n6-033,GW1N-LV6CM64C6/I5,GW1N,GW1N-6,WLCSP64,LV,C6/I5,6,55,6912,5184,13824bit,468Kb,608Kb,20,2,4
gw1n6-034,GW1N-LV6CM64C5/I4,GW1N,GW1N-6,WLCSP64,LV,C5/I4,5,55,6912,5184,13824bit,468Kb,608Kb,20,2,4
gw1n6-035,GW1N-UV6CM64C6/I5,GW1N,GW1N-6,WLCSP64,UV,C6/I5,6,55,6912,5184,13824bit,468Kb,608Kb,20,2,4
gw1n6-036,GW1N-UV6CM64C5/I4,GW1N,GW1N-6,WLCSP64,UV,C5/I4,5,55,6912,5184,13824bit,468Kb,608Kb,20,2,4
gw1n6-037,GW1N-UV6UG256C6/I5,GW1N,GW1N-6,UBGA256,UV,C6/I5,6,207,6912,5184,13824bit,468Kb,608Kb,20,2,4
gw1n6-038,GW1N-LV6UG256C5/I4,GW1N,GW1N-6,UBGA256,LV,C5/I4,5,207,6912,5184,13824bit,468Kb,608Kb,20,2,4
gw1n6-039,GW1N-UV6UG256C5/I4,GW1N,GW1N-6,UBGA256,UV,C5/I4,5,207,6912,5184,13824bit,468Kb,608Kb,20,2,4
gw1n9-000,GW1N-LV9QN48C6/I5,GW1N,GW1N-9,QFN48,LV,C6/I5,6,40,8640,6480,17280bit,468Kb,608Kb,20,2,4
gw1n9-001,GW1N-LV9QN48C5/I4,GW1N,GW1N-9,QFN48,LV,C5/I4,5,40,8640,6480,17280bit,468Kb,608Kb,20,2,4
gw1n9-002,GW1N-LV9CM64C6/I5,GW1N,GW1N-9,WLCSP64,LV,C6/I5,6,55,8640,6480,17280bit,468Kb,608Kb,20,2,4
gw1n9-003,GW1N-LV9CM64C5/I4,GW1N,GW1N-9,WLCSP64,LV,C5/I4,5,55,8640,6480,17280bit,468Kb,608Kb,20,2,4
gw1n9-004,GW1N-LV9QN88C6/I5,GW1N,GW1N-9,QFN88,LV,C6/I5,6,70,8640,6480,17280bit,468Kb,608Kb,20,2,4
gw1n9-005,GW1N-LV9QN88C5/I4,GW1N,GW1N-9,QFN88,LV,C5/I4,5,70,8640,6480,17280bit,468Kb,608Kb,20,2,4
gw1n9-006,GW1N-LV9LQ100C6/I5,GW1N,GW1N-9,LQFP100,LV,C6/I5,6,79,8640,6480,17280bit,468Kb,608Kb,20,2,4
gw1n9-007,GW1N-LV9LQ100C5/I4,GW1N,GW1N-9,LQFP100,LV,C5/I4,5,79,8640,6480,17280bit,468Kb,608Kb,20,2,4
gw1n9-008,GW1N-LV9LQ144C6/I5,GW1N,GW1N-9,LQFP144,LV,C6/I5,6,120,8640,6480,17280bit,468Kb,608Kb,20,2,4
gw1n9-009,GW1N-LV9LQ144C5/I4,GW1N,GW1N-9,LQFP144,LV,C5/I4,5,120,8640,6480,17280bit,468Kb,608Kb,20,2,4
gw1n9-010,GW1N-LV9LQ176C6/I5,GW1N,GW1N-9,LQFP176,LV,C6/I5,6,147,8640,6480,17280bit,468Kb,608Kb,20,2,4
gw1n9-011,GW1N-LV9LQ176C5/I4,GW1N,GW1N-9,LQFP176,LV,C5/I4,5,147,8640,6480,17280bit,468Kb,608Kb,20,2,4
gw1n9-012,GW1N-LV9MG160C6/I5,GW1N,GW1N-9,MBGA160,LV,C6/I5,6,131,8640,6480,17280bit,468Kb,608Kb,20,2,4
gw1n9-013,GW1N-LV9MG160C5/I4,GW1N,GW1N-9,MBGA160,LV,C5/I4,5,131,8640,6480,17280bit,468Kb,608Kb,20,2,4
gw1n9-014,GW1N-LV9PG256C6/I5,GW1N,GW1N-9,PBGA256,LV,C6/I5,6,207,8640,6480,17280bit,468Kb,608Kb,20,2,4
gw1n9-015,GW1N-LV9PG256C5/I4,GW1N,GW1N-9,PBGA256,LV,C5/I4,5,207,8640,6480,17280bit,468Kb,608Kb,20,2,4
gw1n9-016,GW1N-LV9UG332C6/I5,GW1N,GW1N-9,UBGA332,LV,C6/I5,6,273,8640,6480,17280bit,468Kb,608Kb,20,2,4
gw1n9-017,GW1N-LV9UG332C5/I4,GW1N,GW1N-9,UBGA332,LV,C5/I4,5,273,8640,6480,17280bit,468Kb,608Kb,20,2,4
gw1n9-018,GW1N-UV9QN48C6/I5,GW1N,GW1N-9,QFN48,UV,C6/I5,6,40,8640,6480,17280bit,468Kb,608Kb,20,2,4
gw1n9-019,GW1N-UV9QN48C5/I4,GW1N,GW1N-9,QFN48,UV,C5/I4,5,40,8640,6480,17280bit,468Kb,608Kb,20,2,4
gw1n9-020,GW1N-UV9CM64C6/I5,GW1N,GW1N-9,WLCSP64,UV,C6/I5,6,55,8640,6480,17280bit,468Kb,608Kb,20,2,4
gw1n9-021,GW1N-UV9CM64C5/I4,GW1N,GW1N-9,WLCSP64,UV,C5/I4,5,55,8640,6480,17280bit,468Kb,608Kb,20,2,4
gw1n9-022,GW1N-UV9QN88C6/I5,GW1N,GW1N-9,QFN88,UV,C6/I5,6,70,8640,6480,17280bit,468Kb,608Kb,20,2,4
gw1n9-023,GW1N-UV9QN88C5/I4,GW1N,GW1N-9,QFN88,UV,C5/I4,5,70,8640,6480,17280bit,468Kb,608Kb,20,2,4
gw1n9-024,GW1N-UV9LQ100C6/I5,GW1N,GW1N-9,LQFP100,UV,C6/I5,6,79,8640,6480,17280bit,468Kb,608Kb,20,2,4
gw1n9-025,GW1N-UV9LQ100C5/I4,GW1N,GW1N-9,LQFP100,UV,C5/I4,5,79,8640,6480,17280bit,468Kb,608Kb,20,2,4
gw1n9-026,GW1N-UV9LQ144C6/I5,GW1N,GW1N-9,LQFP144,UV,C6/I5,6,120,8640,6480,17280bit,468Kb,608Kb,20,2,4
gw1n9-027,GW1N-UV9LQ144C5/I4,GW1N,GW1N-9,LQFP144,UV,C5/I4,5,120,8640,6480,17280bit,468Kb,608Kb,20,2,4
gw1n9-028,GW1N-UV9LQ176C6/I5,GW1N,GW1N-9,LQFP176,UV,C6/I5,6,147,8640,6480,17280bit,468Kb,608Kb,20,2,4
gw1n9-029,GW1N-UV9LQ176C5/I4,GW1N,GW1N-9,LQFP176,UV,C5/I4,5,147,8640,6480,17280bit,468Kb,608Kb,20,2,4
gw1n9-030,GW1N-UV9MG160C6/I5,GW1N,GW1N-9,MBGA160,UV,C6/I5,6,131,8640,6480,17280bit,468Kb,608Kb,20,2,4
gw1n9-031,GW1N-UV9MG160C5/I4,GW1N,GW1N-9,MBGA160,UV,C5/I4,5,131,8640,6480,17280bit,468Kb,608Kb,20,2,4
gw1n9-032,GW1N-UV9PG256C6/I5,GW1N,GW1N-9,PBGA256,UV,C6/I5,6,207,8640,6480,17280bit,468Kb,608Kb,20,2,4
gw1n9-033,GW1N-UV9PG256C5/I4,GW1N,GW1N-9,PBGA256,UV,C5/I4,5,207,8640,6480,17280bit,468Kb,608Kb,20,2,4
gw1n9-034,GW1N-UV9UG332C6/I5,GW1N,GW1N-9,UBGA332,UV,C6/I5,6,273,8640,6480,17280bit,468Kb,608Kb,20,2,4
gw1n9-035,GW1N-UV9UG332C5/I4,GW1N,GW1N-9,UBGA332,UV,C5/I4,5,273,8640,6480,17280bit,468Kb,608Kb,20,2,4
gw1n9-036,GW1N-LV9UG256C6/I5,GW1N,GW1N-9,UBGA256,LV,C6/I5,6,207,8640,6480,17280bit,468Kb,608Kb,20,2,4
gw1n9-037,GW1N-UV9UG256C6/I5,GW1N,GW1N-9,UBGA256,UV,C6/I5,6,207,8640,6480,17280bit,468Kb,608Kb,20,2,4
gw1n9-038,GW1N-LV9UG256C5/I4,GW1N,GW1N-9,UBGA256,LV,C5/I4,5,207,8640,6480,17280bit,468Kb,608Kb,20,2,4
gw1n9-039,GW1N-UV9UG256C5/I4,GW1N,GW1N-9,UBGA256,UV,C5/I4,5,207,8640,6480,17280bit,468Kb,608Kb,20,2,4
gw1n9-040,GW1N-LV9LQ176ES,GW1N,GW1N-9,LQFP176,LV,ES,5,147,8640,6480,17280bit,468Kb,608Kb,20,2,4
gw1n9-041,GW1N-UV9LQ176ES,GW1N,GW1N-9,LQFP176,UV,ES,5,147,8640,6480,17280bit,468Kb,608Kb,20,2,4
gw1n9-042,GW1N-LV9EQ144ES,GW1N,GW1N-9,eLQFP144,LV,ES,5,120,8640,6480,17280bit,468Kb,608Kb,20,2,4
gw1n9-043,GW1N-LV9EQ144C5/I4,GW1N,GW1N-9,eLQFP144,LV,C5/I4,5,120,8640,6480,17280bit,468Kb,608Kb,20,2,4
gw1n9-044,GW1N-LV9EQ144C6/I5,GW1N,GW1N-9,eLQFP144,LV,C6/I5,6,120,8640,6480,17280bit,468Kb,608Kb,20,2,4
gw1n9-045,GW1N-UV9EQ144ES,GW1N,GW1N-9,eLQFP144,UV,ES,5,120,8640,6480,17280bit,468Kb,608Kb,20,2,4
gw1n9-046,GW1N-UV9EQ144C5/I4,GW1N,GW1N-9,eLQFP144,UV,C5/I4,5,120,8640,6480,17280bit,468Kb,608Kb,20,2,4
gw1n9-047,GW1N-UV9EQ144C6/I5,GW1N,GW1N-9,eLQFP144,UV,C6/I5,6,120,8640,6480,17280bit,468Kb,608Kb,20,2,4
gw1n9-049,GW1N-LV9MG196C6/I5,GW1N,GW1N-9,MBGA196,LV,C6/I5,6,113,8640,6480,17280bit,468Kb,608Kb,20,2,4
gw1n9-050,GW1N-LV9MG196C5/I4,GW1N,GW1N-9,MBGA196,LV,C5/I4,5,113,8640,6480,17280bit,468Kb,608Kb,20,2,4
gw1n9-051,GW1N-LV9UG169C6/I5,GW1N,GW1N-9,UBGA169,LV,C6/I5,6,129,8640,6480,17280bit,468Kb,608Kb,20,2,4
gw1n9-052,GW1N-LV9UG169C5/I4,GW1N,GW1N-9,UBGA169,LV,C5/I4,5,129,8640,6480,17280bit,468Kb,608Kb,20,2,4
gw1n9-053,GW1N-LV9EQ176C6/I5,GW1N,GW1N-9,eLQFP176,LV,C6/I5,6,147,8640,6480,17280bit,468Kb,608Kb,20,2,4
gw1n9-054,GW1N-LV9EQ176C5/I4,GW1N,GW1N-9,eLQFP176,LV,C5/I4,5,147,8640,6480,17280bit,468Kb,608Kb,20,2,4
gw1n9-055,GW1N-UV9EQ176C6/I5,GW1N,GW1N-9,eLQFP176,UV,C6/I5,6,147,8640,6480,17280bit,468Kb,608Kb,20,2,4
gw1n9-056,GW1N-UV9EQ176C5/I4,GW1N,GW1N-9,eLQFP176,UV,C5/I4,5,147,8640,6480,17280bit,468Kb,608Kb,20,2,4
gw1n9-058,GW1N-LV9QN48I5H,GW1N,GW1N-9,QFN48,LV,I5H,5H,40,8640,6480,17280bit,468Kb,608Kb,20,2,4
gw1n9-059,GW1N-LV9MG160I5H,GW1N,GW1N-9,MBGA160,LV,I5H,5H,131,8640,6480,17280bit,468Kb,608Kb,20,2,4
gw1n9-060,GW1N-UV9UG169C6/I5,GW1N,GW1N-9,UBGA169,UV,C6/I5,6,129,8640,6480,17280bit,468Kb,608Kb,20,2,4
gw1n9-061,GW1N-UV9UG169C5/I4,GW1N,GW1N-9,UBGA169,UV,C5/I4,5,129,8640,6480,17280bit,468Kb,608Kb,20,2,4
gw1n9-062,GW1N-UV9MG196C6/I5,GW1N,GW1N-9,MBGA196,UV,C6/I5,6,113,8640,6480,17280bit,468Kb,608Kb,20,2,4
gw1n9-063,GW1N-UV9MG196C5/I4,GW1N,GW1N-9,MBGA196,UV,C5/I4,5,113,8640,6480,17280bit,468Kb,608Kb,20,2,4
gw1nr4-000,GW1NR-LV4QN88C6/I5,GW1NR,GW1NR-4,QFN88,LV,C6/I5,6,70,4608,3456,,180Kb,256Kb,16,2,2
gw1nr4-001,GW1NR-LV4QN88C5/I4,GW1NR,GW1NR-4,QFN88,LV,C5/I4,5,70,4608,3456,,180Kb,256Kb,16,2,2
gw1nr4-002,GW1NR-UV4QN88C6/I5,GW1NR,GW1NR-4,QFN88,UV,C6/I5,6,70,4608,3456,,180Kb,256Kb,16,2,2
gw1nr4-003,GW1NR-UV4QN88C5/I4,GW1NR,GW1NR-4,QFN88,UV,C5/I4,5,70,4608,3456,,180Kb,256Kb,16,2,2
gw1nr4-004,GW1NR-LV4QN88A4,GW1NR,GW1NR-4,QFN88,LV,A4,4,70,4608,3456,,180Kb,256Kb,16,2,2
gw1nr4-005,GW1NR-UV4QN88A4,GW1NR,GW1NR-4,QFN88,UV,A4,4,70,4608,3456,,180Kb,256Kb,16,2,2
gw1nr4-008,GW1NR-LV4MG81PC6/I5,GW1NR,GW1NR-4,MBGA81,LV,C6/I5,6,68,4608,3456,,180Kb,256Kb,16,2,2
gw1nr4-009,GW1NR-UV4MG81PC6/I5,GW1NR,GW1NR-4,MBGA81,UV,C6/I5,6,68,4608,3456,,180Kb,256Kb,16,2,2
gw1nr4-010,GW1NR-LV4MG81PC5/I4,GW1NR,GW1NR-4,MBGA81,LV,C5/I4,6,68,4608,3456,,180Kb,256Kb,16,2,2
gw1nr4-011,GW1NR-UV4MG81PC5/I4,GW1NR,GW1NR-4,MBGA81,UV,C5/I4,6,68,4608,3456,,180Kb,256Kb,16,2,2
gw1nr4b-000,GW1NR-LV4QN88C6/I5,GW1NR,GW1NR-4B,QFN88,LV,C6/I5,6,70,4608,3456,,180Kb,256Kb,16,2,2
gw1nr4b-001,GW1NR-LV4QN88C5/I4,GW1NR,GW1NR-4B,QFN88,LV,C5/I4,5,70,4608,3456,,180Kb,256Kb,16,2,2
gw1nr4b-002,GW1NR-UV4QN88C6/I5,GW1NR,GW1NR-4B,QFN88,UV,C6/I5,6,70,4608,3456,,180Kb,256Kb,16,2,2
gw1nr4b-003,GW1NR-UV4QN88C5/I4,GW1NR,GW1NR-4B,QFN88,UV,C5/I4,5,70,4608,3456,,180Kb,256Kb,16,2,2
gw1nr4b-004,GW1NR-LV4QN88A4,GW1NR,GW1NR-4B,QFN88,LV,A4,4,70,4608,3456,,180Kb,256Kb,16,2,2
gw1nr4b-005,GW1NR-UV4QN88A4,GW1NR,GW1NR-4B,QFN88,UV,A4,4,70,4608,3456,,180Kb,256Kb,16,2,2
gw1nr4b-008,GW1NR-LV4MG81PC6/I5,GW1NR,GW1NR-4B,MBGA81,LV,C6/I5,6,68,4608,3456,,180Kb,256Kb,16,2,2
gw1nr4b-009,GW1NR-UV4MG81PC6/I5,GW1NR,GW1NR-4B,MBGA81,UV,C6/I5,6,68,4608,3456,,180Kb,256Kb,16,2,2
gw1nr4b-010,GW1NR-LV4MG81PC5/I4,GW1NR,GW1NR-4B,MBGA81,LV,C5/I4,6,68,4608,3456,,180Kb,256Kb,16,2,2
gw1nr4b-011,GW1NR-UV4MG81PC5/I4,GW1NR,GW1NR-4B,MBGA81,UV,C5/I4,6,68,4608,3456,,180Kb,256Kb,16,2,2
gw1nr4b-012,GW1NR-LV4QN88PC6/I5,GW1NR,GW1NR-4B,QFN88,LV,C6/I5,6,70,4608,3456,,180Kb,256Kb,16,2,2
gw1nr4b-013,GW1NR-LV4QN88PC5/I4,GW1NR,GW1NR-4B,QFN88,LV,C5/I4,5,70,4608,3456,,180Kb,256Kb,16,2,2
gw1nr4b-014,GW1NR-LV4QN88PES,GW1NR,GW1NR-4B,QFN88,LV,ES,5,70,4608,3456,,180Kb,256Kb,16,2,2
gw1nr4b-015,GW1NR-UV4QN88PES,GW1NR,GW1NR-4B,QFN88,UV,ES,5,70,4608,3456,,180Kb,256Kb,16,2,2
gw1nr4b-016,GW1NR-UV4QN88PC6/I5,GW1NR,GW1NR-4B,QFN88,UV,C6/I5,6,70,4608,3456,,180Kb,256Kb,16,2,2
gw1nr4b-017,GW1NR-UV4QN88PC5/I4,GW1NR,GW1NR-4B,QFN88,UV,C5/I4,5,70,4608,3456,,180Kb,256Kb,16,2,2
gw1nr9-000,GW1NR-LV9QN88C6/I5,GW1NR,GW1NR-9,QFN88,LV,C6/I5,6,70,8640,6480,17280bit,468Kb,608Kb,20,2,4
gw1nr9-001,GW1NR-LV9QN88C5/I4,GW1NR,GW1NR-9,QFN88,LV,C5/I4,5,70,8640,6480,17280bit,468Kb,608Kb,20,2,4
gw1nr9-002,GW1NR-UV9QN88C6/I5,GW1NR,GW1NR-9,QFN88,UV,C6/I5,6,70,8640,6480,17280bit,468Kb,608Kb,20,2,4
gw1nr9-003,GW1NR-UV9QN88C5/I4,GW1NR,GW1NR-9,QFN88,UV,C5/I4,5,70,8640,6480,17280bit,468Kb,608Kb,20,2,4
gw1nr9-008,GW1NR-LV9QN88PES,GW1NR,GW1NR-9,QFN88,LV,ES,5,70,8640,6480,17280bit,468Kb,608Kb,20,2,4
gw1nr9-009,GW1NR-UV9QN88PES,GW1NR,GW1NR-9,QFN88,UV,ES,5,70,8640,6480,17280bit,468Kb,608Kb,20,2,4
gw1nr9-010,GW1NR-LV9LQ144PES,GW1NR,GW1NR-9,LQFP144,LV,ES,5,120,8640,6480,17280bit,468Kb,608Kb,20,2,4
gw1nr9-011,GW1NR-UV9LQ144PES,GW1NR,GW1NR-9,LQFP144,UV,ES,5,120,8640,6480,17280bit,468Kb,608Kb,20,2,4
gw1nr9-012,GW1NR-LV9QN88PC6/I5,GW1NR,GW1NR-9,QFN88,LV,C6/I5,6,70,8640,6480,17280bit,468Kb,608Kb,20,2,4
gw1nr9-013,GW1NR-LV9QN88PC5/I4,GW1NR,GW1NR-9,QFN88,LV,C5/I4,5,70,8640,6480,17280bit,468Kb,608Kb,20,2,4
gw1nr9-014,GW1NR-UV9QN88PC6/I5,GW1NR,GW1NR-9,QFN88,UV,C6/I5,6,70,8640,6480,17280bit,468Kb,608Kb,20,2,4
gw1nr9-015,GW1NR-UV9QN88PC5/I4,GW1NR,GW1NR-9,QFN88,UV,C5/I4,5,70,8640,6480,17280bit,468Kb,608Kb,20,2,4
gw1nr9-016,GW1NR-LV9LQ144PC6/I5,GW1NR,GW1NR-9,LQFP144,LV,C6/I5,6,120,8640,6480,17280bit,468Kb,608Kb,20,2,4
gw1nr9-017,GW1NR-LV9LQ144PC5/I4,GW1NR,GW1NR-9,LQFP144,LV,C5/I4,5,120,8640,6480,17280bit,468Kb,608Kb,20,2,4
gw1nr9-018,GW1NR-UV9LQ144PC6/I5,GW1NR,GW1NR-9,LQFP144,UV,C6/I5,6,120,8640,6480,17280bit,468Kb,608Kb,20,2,4
gw1nr9-019,GW1NR-UV9LQ144PC5/I4,GW1NR,GW1NR-9,LQFP144,UV,C5/I4,5,120,8640,6480,17280bit,468Kb,608Kb,20,2,4
gw1nr9-020,GW1NR-LV9MG100PC6/I5,GW1NR,GW1NR-9,MBGA100,LV,C6/I5,6,87,8640,6480,17280bit,468Kb,608Kb,20,2,4
gw1nr9-021,GW1NR-LV9MG100PC5/I4,GW1NR,GW1NR-9,MBGA100,LV,C5/I4,5,87,8640,6480,17280bit,468Kb,608Kb,20,2,4
gw1nr9-022,GW1NR-UV9MG100PC6/I5,GW1NR,GW1NR-9,MBGA100,UV,C6/I5,6,87,8640,6480,17280bit,468Kb,608Kb,20,2,4
gw1nr9-023,GW1NR-UV9MG100PC5/I4,GW1NR,GW1NR-9,MBGA100,UV,C5/I4,5,87,8640,6480,17280bit,468Kb,608Kb,20,2,4
gw1nr9-024,GW1NR-LV9MG100PES,GW1NR,GW1NR-9,MBGA100,LV,ES,5,87,8640,6480,17280bit,468Kb,608Kb,20,2,4
gw1nr9-025,GW1NR-UV9MG100PES,GW1NR,GW1NR-9,MBGA100,LV,ES,5,87,8640,6480,17280bit,468Kb,608Kb,20,2,4
gw2a18-000,GW2A-LV18LQ144C8/I7,GW2A,GW2A-18,LQFP144,LV,C8/I7,8,119,20736,15552,41472bit,828Kb,,48,4,4
gw2a18-001,GW2A-LV18LQ144C7/I6,GW2A,GW2A-18,LQFP144,LV,C7/I6,7,119,20736,15552,41472bit,828Kb,,48,4,4
gw2a18-002,GW2A-LV18PG256C8/I7,GW2A,GW2A-18,PBGA256,LV,C8/I7,8,207,20736,15552,41472bit,828Kb,,48,4,4
gw2a18-003,GW2A-LV18PG256C7/I6,GW2A,GW2A-18,PBGA256,LV,C7/I6,7,207,20736,15552,41472bit,828Kb,,48,4,4
gw2a18-004,GW2A-LV18PG484C8/I7,GW2A,GW2A-18,PBGA484,LV,C8/I7,8,319,20736,15552,41472bit,828Kb,,48,4,4
gw2a18-005,GW2A-LV18PG484C7/I6,GW2A,GW2A-18,PBGA484,LV,C7/I6,7,319,20736,15552,41472bit,828Kb,,48,4,4
gw2a18-006,GW2A-LV18MG196C8/I7,GW2A,GW2A-18,MBGA196,LV,C8/I7,8,114,20736,15552,41472bit,828Kb,,48,4,4
gw2a18-007,GW2A-LV18PG256SC8/I7,GW2A,GW2A-18,PBGA256S,LV,C8/I7,8,192,20736,15552,41472bit,828Kb,,48,4,4
gw2a18-008,GW2A-LV18QN88C8/I7,GW2A,GW2A-18,QFN88,LV,C8/I7,8,66,20736,15552,41472bit,828Kb,,48,2,4
gw2a18-015,GW2A-LV18MG196C7/I6,GW2A,GW2A-18,MBGA196,LV,C7/I6,7,114,20736,15552,41472bit,828Kb,,48,4,4
gw2a18-018,GW2A-LV18PG256SC7/I6,GW2A,GW2A-18,PBGA256S,LV,C7/I6,7,192,20736,15552,41472bit,828Kb,,48,4,4
gw2a18-021,GW2A-LV18QN88C7/I6,GW2A,GW2A-18,QFN88,LV,C7/I6,7,66,20736,15552,41472bit,828Kb,,48,2,4
gw2a18-024,GW2A-LV18PG256CC8/I7,GW2A,GW2A-18,PBGA256C,LV,C8/I7,8,190,20736,15552,41472bit,828Kb,,48,4,4
gw2a18-025,GW2A-LV18PG256CC7/I6,GW2A,GW2A-18,PBGA256C,LV,C7/I6,7,190,20736,15552,41472bit,828Kb,,48,4,4
gw2a18-028,GW2A-LV18PG484A6,GW2A,GW2A-18,PBGA484,LV,A6,6,319,20736,15552,41472bit,828Kb,,48,4,4
gw2a18-029,GW2A-LV18PG484C9/I8,GW2A,GW2A-18,PBGA484,LV,C9/I8,9,319,20736,15552,41472bit,828Kb,,48,4,4
gw2a18-032,GW2A-LV18EQ144C8/I7,GW2A,GW2A-18,eLQFP144,LV,C8/I7,8,119,20736,15552,41472bit,828Kb,,48,4,4
gw2a18-033,GW2A-LV18EQ144C7/I6,GW2A,GW2A-18,eLQFP144,LV,C7/I6,7,119,20736,15552,41472bit,828Kb,,48,4,4
gw2a18-034,GW2A-LV18PG256C9/I8,GW2A,GW2A-18,PBGA256,LV,C9/I8,9,207,20736,15552,41472bit,828Kb,,48,4,4
gw2a18-035,GW2A-LV18QN88A6,GW2A,GW2A-18,QFN88,LV,A6,6,66,20736,15552,41472bit,828Kb,,48,2,4
gw2a18-036,GW2A-LV18UG324C8/I7,GW2A,GW2A-18,UBGA324,LV,C8/I7,8,239,20736,15552,41472bit,828Kb,,48,4,4
gw2a18-037,GW2A-LV18UG324C7/I6,GW2A,GW2A-18,UBGA324,LV,C7/I6,7,239,20736,15552,41472bit,828Kb,,48,4,4
gw2a18-038,GW2A-LV18PG256EC8/I7,GW2A,GW2A-18,PBGA256E,LV,C8/I7,8,162,20736,15552,41472bit,828Kb,,48,4,4
gw2a18-039,GW2A-LV18PG256EES,GW2A,GW2A-18,PBGA256E,LV,ES,7,162,20736,15552,41472bit,828Kb,,48,4,4
gw2a55-000,GW2A-LV55PG484C8/I7,GW2A,GW2A-55,PBGA484,LV,C8/I7,8,319,54720,41040,109440bit,2520Kb,,40,6,4
gw2a55-001,GW2A-LV55PG484C7/I6,GW2A,GW2A-55,PBGA484,LV,C7/I6,7,319,54720,41040,109440bit,2520Kb,,40,6,4
gw2a55-002,GW2A-LV55PG1156C8/I7,GW2A,GW2A-55,PBGA1156,LV,C8/I7,8,607,54720,41040,109440bit,2520Kb,,40,6,4
gw2a55-003,GW2A-LV55PG1156C7/I6,GW2A,GW2A-55,PBGA1156,LV,C7/I6,7,607,54720,41040,109440bit,2520Kb,,40,6,4
gw2a55-008,GW2A-LV55PG484A6,GW2A,GW2A-55,PBGA484,LV,A6,6,319,54720,41040,109440bit,2520Kb,,40,6,4
gw2a55-010,GW2A-LV55PG484C9/I8,GW2A,GW2A-55,PBGA484,LV,C9/I8,9,319,54720,41040,109440bit,2520Kb,,40,6,4
gw2a55-011,GW2A-LV55UG324C8/I7,GW2A,GW2A-55,UBGA324,LV,C8/I7,8,239,54720,41040,109440bit,2520Kb,,40,6,4
gw2a55-012,GW2A-LV55UG324C7/I6,GW2A,GW2A-55,UBGA324,LV,C7/I6,7,239,54720,41040,109440bit,2520Kb,,40,6,4
gw2a55-013,GW2A-LV55UG324C9/I8,GW2A,GW2A-55,UBGA324,LV,C9/I8,9,239,54720,41040,109440bit,2520Kb,,40,6,4
gw2a55-014,GW2A-LV55UG324DC8/I7,GW2A,GW2A-55,UBGA324D,LV,C8/I7,8,239,54720,41040,109440bit,2520Kb,,40,6,4
gw2a55-015,GW2A-LV55PG484ES,GW2A,GW2A-55,PBGA484,LV,ES,7,319,54720,41040,109440bit,2520Kb,,40,6,4
gw2a55-016,GW2A-LV55UG324ES,GW2A,GW2A-55,UBGA324,LV,ES,7,239,54720,41040,109440bit,2520Kb,,40,6,4
gw2a55-017,GW2A-LV55UG324DES,GW2A,GW2A-55,UBGA324D,LV,ES,7,239,54720,41040,109440bit,2520Kb,,40,6,4
gw2ar18-000,GW2AR-LV18QN88C8/I7,GW2AR,GW2AR-18,QFN88,LV,C8/I7,8,66,20736,15552,41472bit,828Kb,,48,2,4
gw2ar18-001,GW2AR-LV18QN88C7/I6,GW2AR,GW2AR-18,QFN88,LV,C7/I6,7,66,20736,15552,41472bit,828Kb,,48,2,4
gw2ar18-002,GW2AR-LV18LQ144C8/I7,GW2AR,GW2AR-18,LQFP144,LV,C8/I7,8,120,20736,15552,41472bit,828Kb,,48,4,4
gw2ar18-003,GW2AR-LV18LQ144C7/I6,GW2AR,GW2AR-18,LQFP144,LV,C7/I6,7,120,20736,15552,41472bit,828Kb,,48,4,4
gw2ar18-004,GW2AR-LV18LQ176C8/I7,GW2AR,GW2AR-18,LQFP176,LV,C8/I7,8,140,20736,15552,41472bit,828Kb,,48,3,4
gw2ar18-005,GW2AR-LV18LQ176C7/I6,GW2AR,GW2AR-18,LQFP176,LV,C7/I6,7,140,20736,15552,41472bit,828Kb,,48,3,4
gw2ar18-006,GW2AR-LV18QN88PES,GW2AR,GW2AR-18,QFN88,LV,ES,7,66,20736,15552,41472bit,828Kb,,48,2,4
gw2ar18-007,GW2AR-LV18EQ144PES,GW2AR,GW2AR-18,eLQFP144,LV,ES,7,120,20736,15552,41472bit,828Kb,,48,4,4
gw2ar18-014,GW2AR-LV18EQ144C8/I7,GW2AR,GW2AR-18,eLQFP144,LV,C8/I7,8,120,20736,15552,41472bit,828Kb,,48,4,4
gw2ar18-015,GW2AR-LV18EQ144C7/I6,GW2AR,GW2AR-18,eLQFP144,LV,C7/I6,7,120,20736,15552,41472bit,828Kb,,48,4,4
gw2ar18-018,GW2AR-LV18QN88PC8/I7,GW2AR,GW2AR-18,QFN88,LV,C8/I7,8,66,20736,15552,41472bit,828Kb,,48,2,4
gw2ar18-019,GW2AR-LV18QN88PC7/I6,GW2AR,GW2AR-18,QFN88,LV,C7/I6,7,66,20736,15552,41472bit,828Kb,,48,2,4
gw2ar18-022,GW2AR-LV18EQ144PC8/I7,GW2AR,GW2AR-18,eLQFP144,LV,C8/I7,8,120,20736,15552,41472bit,828Kb,,48,4,4
gw2ar18-023,GW2AR-LV18EQ144PC7/I6,GW2AR,GW2AR-18,eLQFP144,LV,C7/I6,7,120,20736,15552,41472bit,828Kb,,48,4,4
gw2ar18-026,GW2AR-LV18EQ176ES,GW2AR,GW2AR-18,eLQFP176,LV,ES,7,140,20736,15552,41472bit,828Kb,,48,3,4
gw2ar18-027,GW2AR-LV18EQ176C8/I7,GW2AR,GW2AR-18,eLQFP176,LV,C8/I7,8,140,20736,15552,41472bit,828Kb,,48,3,4
gw2ar18-028,GW2AR-LV18EQ176C7/I6,GW2AR,GW2AR-18,eLQFP176,LV,C7/I6,7,140,20736,15552,41472bit,828Kb,,48,3,4
gw2ar18-029,GW2AR-LV18EQ144PC9/I8,GW2AR,GW2AR-18,eLQFP144,LV,C9/I8,9,120,20736,15552,41472bit,828Kb,,48,4,4
gw2ar18-030,GW2AR-LV18LQ176C9/I8,GW2AR,GW2AR-18,LQFP176,LV,C9/I8,9,140,20736,15552,41472bit,828Kb,,48,3,4
gw1ns2c-013,GW1NS-LX2CCS36C5/I4,GW1NS,GW1NS-2C,WLCSP36,LX,C5/I4,5,29,1728,1296,4608bit,72Kb,1024Kb,,1,2
gw1ns2c-014,GW1NS-LX2CQN32UC5/I4,GW1NS,GW1NS-2C,QFN32U,LX,C5/I4,5,16,1728,1296,4608bit,72Kb,1024Kb,,1,2
gw1ns2c-015,GW1NS-LX2CLQ144C5/I4,GW1NS,GW1NS-2C,LQFP144,LX,C5/I4,5,95,1728,1296,4608bit,72Kb,1024Kb,,1,2
gw1ns2c-016,GW1NS-UX2CCS36C5/I4,GW1NS,GW1NS-2C,WLCSP36,UX,C5/I4,5,29,1728,1296,4608bit,72Kb,1024Kb,,1,2
gw1ns2c-017,GW1NS-UX2CQN32UC5/I4,GW1NS,GW1NS-2C,QFN32U,UX,C5/I4,5,16,1728,1296,4608bit,72Kb,1024Kb,,1,2
gw1ns2c-018,GW1NS-UX2CLQ144C5/I4,GW1NS,GW1NS-2C,LQFP144,UX,C5/I4,5,95,1728,1296,4608bit,72Kb,1024Kb,,1,2
gw1ns2c-019,GW1NS-UX2CLQ144C6/I5,GW1NS,GW1NS-2C,LQFP144,UX,C6/I5,6,95,1728,1296,4608bit,72Kb,1024Kb,,1,2
gw1ns2c-020,GW1NS-LX2CQN32C6/I5,GW1NS,GW1NS-2C,QFN32,LX,C6/I5,6,25,1728,1296,4608bit,72Kb,1024Kb,,1,2
gw1ns2c-021,GW1NS-LX2CQN32C5/I4,GW1NS,GW1NS-2C,QFN32,LX,C5/I4,5,25,1728,1296,4608bit,72Kb,1024Kb,,1,2
gw1ns2c-022,GW1NS-LX2CQN48C6/I5,GW1NS,GW1NS-2C,QFN48,LX,C6/I5,6,38,1728,1296,4608bit,72Kb,1024Kb,,1,2
gw1ns2c-023,GW1NS-LX2CQN48C5/I4,GW1NS,GW1NS-2C,QFN48,LX,C5/I4,5,38,1728,1296,4608bit,72Kb,1024Kb,,1,2
gw1ns2c-024,GW1NS-LX2CQN32UC6/I5,GW1NS,GW1NS-2C,QFN32U,LX,C6/I5,6,16,1728,1296,4608bit,72Kb,1024Kb,,1,2
gw1ns2c-025,GW1NS-LX2CCS36C6/I5,GW1NS,GW1NS-2C,WLCSP36,LX,C6/I5,6,29,1728,1296,4608bit,72Kb,1024Kb,,1,2
gw1ns2c-026,GW1NS-LX2CLQ144C6/I5,GW1NS,GW1NS-2C,LQFP144,LX,C6/I5,6,95,1728,1296,4608bit,72Kb,1024Kb,,1,2
gw1ns2c-027,GW1NS-UX2CQN32C6/I5,GW1NS,GW1NS-2C,QFN32,UX,C6/I5,6,25,1728,1296,4608bit,72Kb,1024Kb,,1,2
gw1ns2c-028,GW1NS-UX2CQN32C5/I4,GW1NS,GW1NS-2C,QFN32,UX,C5/I4,5,25,1728,1296,4608bit,72Kb,1024Kb,,1,2
gw1ns2c-029,GW1NS-UX2CQN48C6/I5,GW1NS,GW1NS-2C,QFN48,UX,C6/I5,6,38,1728,1296,4608bit,72Kb,1024Kb,,1,2
gw1ns2c-030,GW1NS-UX2CQN48C5/I4,GW1NS,GW1NS-2C,QFN48,UX,C5/I4,5,38,1728,1296,4608bit,72Kb,1024Kb,,1,2
gw1ns2c-031,GW1NS-UX2CQN32UC6/I5,GW1NS,GW1NS-2C,QFN32U,UX,C6/I5,6,16,1728,1296,4608bit,72Kb,1024Kb,,1,2
gw1ns2c-032,GW1NS-UX2CCS36C6/I5,GW1NS,GW1NS-2C,WLCSP36,UX,C6/I5,6,29,1728,1296,4608bit,72Kb,1024Kb,,1,2
gw1ns2c-033,GW1NS-UX2CLQ144ES,GW1NS,GW1NS-2C,LQFP144,UX,ES,5,95,1512,1080,4608bit,72Kb,1024Kb,,1,2
gw1ns2c-035,GW1NS-LX2CQN32ES,GW1NS,GW1NS-2C,QFN32,LX,ES,5,25,1512,1080,4608bit,72Kb,1024Kb,,1,2
gw1ns2c-036,GW1NS-UX2CQN32ES,GW1NS,GW1NS-2C,QFN32,UX,ES,5,25,1512,1080,4608bit,72Kb,1024Kb,,1,2
gw1ns2c-037,GW1NS-LX2CQN48ES,GW1NS,GW1NS-2C,QFN48,LX,ES,5,38,1512,1080,4608bit,72Kb,1024Kb,,1,2
gw1ns2c-038,GW1NS-UX2CQN48ES,GW1NS,GW1NS-2C,QFN48,UX,ES,5,38,1512,1080,4608bit,72Kb,1024Kb,,1,2
gw1ns2c-039,GW1NS-LX2CLQ144ES,GW1NS,GW1NS-2C,LQFP144,LX,ES,5,95,1512,1080,4608bit,72Kb,1024Kb,,1,2
gw1ns2c-040,GW1NS-LX2CQN32UES,GW1NS,GW1NS-2C,QFN32U,LX,ES,5,16,1512,1080,4608bit,72Kb,1024Kb,,1,2
gw1ns2c-041,GW1NS-UX2CQN32UES,GW1NS,GW1NS-2C,QFN32U,UX,ES,5,16,1512,1080,4608bit,72Kb,1024Kb,,1,2
gw1ns2c-042,GW1NS-LX2CCS36ES,GW1NS,GW1NS-2C,WLCSP36,LX,ES,5,29,1512,1080,4608bit,72Kb,1024Kb,,1,2
gw1ns2c-043,GW1NS-UX2CCS36ES,GW1NS,GW1NS-2C,WLCSP36,UX,ES,5,29,1512,1080,4608bit,72Kb,1024Kb,,1,2
gw1ns2-000,GW1NS-LX2QN32C6/I5,GW1NS,GW1NS-2,QFN32,LX,C6/I5,6,25,1728,1296,4608bit,72Kb,1024Kb,,1,2
gw1ns2-001,GW1NS-LX2CS36C5/I4,GW1NS,GW1NS-2,WLCSP36,LX,C5/I4,5,29,1728,1296,4608bit,72Kb,1024Kb,,1,2
gw1ns2-002,GW1NS-LX2QN48C6/I5,GW1NS,GW1NS-2,QFN48,LX,C6/I5,6,38,1728,1296,4608bit,72Kb,1024Kb,,1,2
gw1ns2-003,GW1NS-LX2QN32UC5/I4,GW1NS,GW1NS-2,QFN32U,LX,C5/I4,5,16,1728,1296,4608bit,72Kb,1024Kb,,1,2
gw1ns2-004,GW1NS-LX2LQ144C5/I4,GW1NS,GW1NS-2,LQFP144,LX,C5/I4,5,95,1728,1296,4608bit,72Kb,1024Kb,,1,2
gw1ns2-005,GW1NS-UX2QN32C6/I5,GW1NS,GW1NS-2,QFN32,UX,C6/I5,6,25,1728,1296,4608bit,72Kb,1024Kb,,1,2
gw1ns2-006,GW1NS-UX2CS36C5/I4,GW1NS,GW1NS-2,WLCSP36,UX,C5/I4,5,29,1728,1296,4608bit,72Kb,1024Kb,,1,2
gw1ns2-007,GW1NS-UX2QN48C6/I5,GW1NS,GW1NS-2,QFN48,UX,C6/I5,6,38,1728,1296,4608bit,72Kb,1024Kb,,1,2
gw1ns2-008,GW1NS-UX2QN32UC5/I4,GW1NS,GW1NS-2,QFN32U,UX,C5/I4,5,16,1728,1296,4608bit,72Kb,1024Kb,,1,2
gw1ns2-009,GW1NS-UX2LQ144C5/I4,GW1NS,GW1NS-2,LQFP144,UX,C5/I4,5,95,1728,1296,4608bit,72Kb,1024Kb,,1,2
gw1ns2-010,GW1NS-LX2QN32UC6/I5,GW1NS,GW1NS-2,QFN32U,LX,C6/I5,6,16,1728,1296,4608bit,72Kb,1024Kb,,1,2
gw1ns2-011,GW1NS-LX2CS36C6/I5,GW1NS,GW1NS-2,WLCSP36,LX,C6/I5,6,29,1728,1296,4608bit,72Kb,1024Kb,,1,2
gw1ns2-012,GW1NS-LX2QN32C5/I4,GW1NS,GW1NS-2,QFN32,LX,C5/I4,5,25,1728,1296,4608bit,72Kb,1024Kb,,1,2
gw1ns2-013,GW1NS-LX2QN48C5/I4,GW1NS,GW1NS-2,QFN48,LX,C5/I4,5,38,1728,1296,4608bit,72Kb,1024Kb,,1,2
gw1ns2-014,GW1NS-LX2LQ144C6/I5,GW1NS,GW1NS-2,LQFP144,LX,C6/I5,6,95,1728,1296,4608bit,72Kb,1024Kb,,1,2
gw1ns2-015,GW1NS-UX2QN32C5/I4,GW1NS,GW1NS-2,QFN32,UX,C5/I4,5,25,1728,1296,4608bit,72Kb,1024Kb,,1,2
gw1ns2-016,GW1NS-UX2CS36C6/I5,GW1NS,GW1NS-2,WLCSP36,UX,C6/I5,6,29,1728,1296,4608bit,72Kb,1024Kb,,1,2
gw1ns2-017,GW1NS-UX2QN48C5/I4,GW1NS,GW1NS-2,QFN48,UX,C5/I4,5,38,1728,1296,4608bit,72Kb,1024Kb,,1,2
gw1ns2-018,GW1NS-UX2QN32UC6/I5,GW1NS,GW1NS-2,QFN32U,UX,C6/I5,6,16,1728,1296,4608bit,72Kb,1024Kb,,1,2
gw1ns2-019,GW1NS-UX2LQ144C6/I5,GW1NS,GW1NS-2,LQFP144,UX,C6/I5,6,95,1728,1296,4608bit,72Kb,1024Kb,,1,2
gw1ns2-020,GW1NS-UX2LQ144ES,GW1NS,GW1NS-2,LQFP144,UX,ES,5,95,1512,1080,4608bit,72Kb,1024Kb,,1,2
gw1ns2-021,GW1NS-LX2QN32ES,GW1NS,GW1NS-2,QFN32,LX,ES,5,25,1512,1080,4608bit,72Kb,1024Kb,,1,2
gw1ns2-022,GW1NS-UX2QN32ES,GW1NS,GW1NS-2,QFN32,UX,ES,5,25,1512,1080,4608bit,72Kb,1024Kb,,1,2
gw1ns2-023,GW1NS-LX2QN48ES,GW1NS,GW1NS-2,QFN48,LX,ES,5,38,1512,1080,4608bit,72Kb,1024Kb,,1,2
gw1ns2-024,GW1NS-UX2QN48ES,GW1NS,GW1NS-2,QFN48,UX,ES,5,38,1512,1080,4608bit,72Kb,1024Kb,,1,2
gw1ns2-025,GW1NS-LX2LQ144ES,GW1NS,GW1NS-2,LQFP144,LX,ES,5,95,1512,1080,4608bit,72Kb,1024Kb,,1,2
gw1ns2-026,GW1NS-LX2QN32UES,GW1NS,GW1NS-2,QFN32U,LX,ES,5,16,1512,1080,4608bit,72Kb,1024Kb,,1,2
gw1ns2-027,GW1NS-UX2QN32UES,GW1NS,GW1NS-2,QFN32U,UX,ES,5,16,1512,1080,4608bit,72Kb,1024Kb,,1,2
gw1ns2-028,GW1NS-LX2CS36ES,GW1NS,GW1NS-2,WLCSP36,LX,ES,5,29,1512,1080,4608bit,72Kb,1024Kb,,1,2
gw1ns2-029,GW1NS-UX2CS36ES,GW1NS,GW1NS-2,WLCSP36,UX,ES,5,29,1512,1080,4608bit,72Kb,1024Kb,,1,2
gw1nsr2c-000,GW1NSR-LX2CQN48PES,GW1NSR,GW1NSR-2C,QFN48,LX,ES,5,38,1512,1080,4608bit,72Kb,1024Kb,,1,2
gw1nsr2c-001,GW1NSR-LX2CQN48PC6/I5,GW1NSR,GW1NSR-2C,QFN48,LX,C6/I5,6,38,1728,1296,4608bit,72Kb,1024Kb,,1,2
gw1nsr2c-002,GW1NSR-LX2CQN48PC5/I4,GW1NSR,GW1NSR-2C,QFN48,LX,C5/I4,5,38,1728,1296,4608bit,72Kb,1024Kb,,1,2
gw1nsr2c-003,GW1NSR-UX2CQN48PC6/I5,GW1NSR,GW1NSR-2C,QFN48,UX,C6/I5,6,38,1728,1296,4608bit,72Kb,1024Kb,,1,2
gw1nsr2c-004,GW1NSR-UX2CQN48PC5/I4,GW1NSR,GW1NSR-2C,QFN48,UX,C5/I4,5,38,1728,1296,4608bit,72Kb,1024Kb,,1,2
gw1nsr2c-005,GW1NSR-UX2CQN48PES,GW1NSR,GW1NSR-2C,QFN48,UX,ES,5,38,1512,1080,4608bit,72Kb,1024Kb,,1,2
gw1nsr2-000,GW1NSR-LX2QN48PES,GW1NSR,GW1NSR-2,QFN48,LX,ES,5,38,1512,1080,4608bit,72Kb,1024Kb,,1,2
gw1nsr2-001,GW1NSR-LX2QN48PC6/I5,GW1NSR,GW1NSR-2,QFN48,LX,C6/I5,6,38,1728,1296,4608bit,72Kb,1024Kb,,1,2
gw1nsr2-002,GW1NSR-LX2QN48PC5/I4,GW1NSR,GW1NSR-2,QFN48,LX,C5/I4,5,38,1728,1296,4608bit,72Kb,1024Kb,,1,2
gw1nsr2-003,GW1NSR-UX2QN48PC6/I5,GW1NSR,GW1NSR-2,QFN48,UX,C6/I5,6,38,1728,1296,4608bit,72Kb,1024Kb,,1,2
gw1nsr2-004,GW1NSR-UX2QN48PC5/I4,GW1NSR,GW1NSR-2,QFN48,UX,C5/I4,5,38,1728,1296,4608bit,72Kb,1024Kb,,1,2
gw1nsr2-005,GW1NSR-UX2QN48PES,GW1NSR,GW1NSR-2,QFN48,UX,ES,5,38,1512,1080,4608bit,72Kb,1024Kb,,1,2
gw1nz1-003,GW1NZ-ZV1CS16C5/I4,GW1NZ,GW1NZ-1,WLCSP16,ZV,C5/I4,5,11,1152,864,4608bit,72Kb,64Kb,,1,
gw1nz1-006,GW1NZ-LV1FN32C6/I5,GW1NZ,GW1NZ-1,QFN32,LV,C6/I5,6,25,1152,864,4608bit,72Kb,64Kb,,1,
gw1nz1-007,GW1NZ-ZV1FN32C5/I4,GW1NZ,GW1NZ-1,QFN32,ZV,C5/I4,5,25,1152,864,4608bit,72Kb,64Kb,,1,
gw1nz1-008,GW1NZ-LV1CS16C6/I5,GW1NZ,GW1NZ-1,WLCSP16,LV,C6/I5,6,11,1152,864,4608bit,72Kb,64Kb,,1,
gw1nz1-009,GW1NZ-LV1FN32C5/I4,GW1NZ,GW1NZ-1,QFN32,LV,C5/I4,5,25,1152,864,4608bit,72Kb,64Kb,,1,
gw1nz1-010,GW1NZ-ZV1FN32I2,GW1NZ,GW1NZ-1,QFN32,ZV,I2,2,25,1152,864,4608bit,72Kb,64Kb,,1,
gw1nz1-011,GW1NZ-ZV1FN32I3,GW1NZ,GW1NZ-1,QFN32,ZV,I3,3,25,1152,864,4608bit,72Kb,64Kb,,1,
gw1nz1-012,GW1NZ-ZV1CS16I2,GW1NZ,GW1NZ-1,WLCSP16,ZV,I2,2,11,1152,864,4608bit,72Kb,64Kb,,1,
gw1nz1-013,GW1NZ-ZV1CS16I3,GW1NZ,GW1NZ-1,WLCSP16,ZV,I3,3,11,1152,864,4608bit,72Kb,64Kb,,1,
gw1nz1-014,GW1NZ-LV1QN48ES,GW1NZ,GW1NZ-1,QFN48,LV,ES,5,40,1152,864,4608bit,72Kb,64Kb,,1,
gw1nz1-015,GW1NZ-LV1QN48C6/I5,GW1NZ,GW1NZ-1,QFN48,LV,C6/I5,6,40,1152,864,4608bit,72Kb,64Kb,,1,
gw1nz1-016,GW1NZ-LV1QN48C5/I4,GW1NZ,GW1NZ-1,QFN48,LV,C5/I4,5,40,1152,864,4608bit,72Kb,64Kb,,1,
gw1n1s-000,GW1N-LV1SFN32C6/I5,GW1N,GW1N-1S,QFN32,LV,C6/I5,6,25,1152,864,,72Kb,96Kb,,1,
gw1n1s-001,GW1N-LV1SCS30C6/I5,GW1N,GW1N-1S,WLCSP30,LV,C6/I5,6,23,1152,864,,72Kb,96Kb,,1,
gw1nse2c-000,GW1NSE-LX2CQN48C6/I5,GW1NSE,GW1NSE-2C,QFN48,LX,C6/I5,6,39,1728,1296,4608bit,72Kb,1024Kb,,1,2
gw1nse2c-001,GW1NSE-LX2CLQ144C6/I5,GW1NSE,GW1NSE-2C,LQFP144,LX,C6/I5,6,91,1728,1296,4608bit,72Kb,1024Kb,,1,2
gw1nse2c-002,GW1NSE-LX2CQN48ES,GW1NSE,GW1NSE-2C,QFN48,LX,ES,6,39,1512,1296,4608bit,72Kb,1024Kb,,1,2
gw1nse2c-003,GW1NSE-LX2CLQ144ES,GW1NSE,GW1NSE-2C,LQFP144,LX,ES,6,91,1512,1296,4608bit,72Kb,1024Kb,,1,2
gw1nse2c-004,GW1NSE-UX2CQN48C6/I5,GW1NSE,GW1NSE-2C,QFN48,UX,C6/I5,6,39,1728,1296,4608bit,72Kb,1024Kb,,1,2
gw1nse2c-005,GW1NSE-UX2CLQ144C6/I5,GW1NSE,GW1NSE-2C,LQFP144,UX,C6/I5,6,91,1728,1296,4608bit,72Kb,1024Kb,,1,2
gw1nse2c-006,GW1NSE-UX2CQN48ES,GW1NSE,GW1NSE-2C,QFN48,UX,ES,6,39,1512,1080,4608bit,72Kb,1024Kb,,1,2
gw1nse2c-007,GW1NSE-UX2CLQ144ES,GW1NSE,GW1NSE-2C,LQFP144,UX,ES,6,91,1512,1080,4608bit,72Kb,1024Kb,,1,2
gw1ns4-001,GW1NS-LV4QN48C6/I5,GW1NS,GW1NS-4,QFN48,LV,C6/I5,6,38,4608,3456,,180Kb,256Kb,16,2,2
gw1ns4-002,GW1NS-LV4QN48C5/I4,GW1NS,GW1NS-4,QFN48,LV,C5/I4,5,38,4608,3456,,180Kb,256Kb,16,2,2
gw1ns4-003,GW1NS-LV4CS49C6/I5,GW1NS,GW1NS-4,WLCSP49,LV,C6/I5,6,42,4608,3456,,180Kb,256Kb,16,2,2
gw1ns4-004,GW1NS-LV4CS49C5/I4,GW1NS,GW1NS-4,WLCSP49,LV,C5/I4,5,42,4608,3456,,180Kb,256Kb,16,2,2
gw1nsr4-002,GW1NSR-LV4MG64PC6/I5,GW1NSR,GW1NSR-4,MBGA64P,LV,C6/I5,6,55,4608,3456,,180Kb,256Kb,16,2,2
gw1nsr4-005,GW1NSR-LV4MG64PC5/I4,GW1NSR,GW1NSR-4,MBGA64P,LV,C5/I4,5,55,4608,3456,,180Kb,256Kb,16,2,2
gw1nser4c-000,GW1NSER-LV4CQN48PC6/I5,GW1NSER,GW1NSER-4C,QFN48P,LV,C6/I5,6,39,4608,3456,,180Kb,256Kb,16,2,2
gw1nser4c-001,GW1NSER-LV4CQN48GC6/I5,GW1NSER,GW1NSER-4C,QFN48G,LV,C6/I5,6,39,4608,3456,,180Kb,256Kb,16,2,2
gw1nser4c-002,GW1NSER-LV4CQN48PC5/I4,GW1NSER,GW1NSER-4C,QFN48P,LV,C5/I4,5,39,4608,3456,,180Kb,256Kb,16,2,2
gw1nser4c-003,GW1NSER-LV4CQN48GC5/I4,GW1NSER,GW1NSER-4C,QFN48G,LV,C5/I4,5,39,4608,3456,,180Kb,256Kb,16,2,2
gw1nrf4b-000,GW1NRF-UV4BQN48C6/I5,GW1NRF,GW1NRF-4B,QFN48,UV,C6/I5,6,25,4608,3456,,180Kb,256Kb,16,2,2
gw1nrf4b-001,GW1NRF-LV4BQN48C6/I5,GW1NRF,GW1NRF-4B,QFN48,LV,C6/I5,6,25,4608,3456,,180Kb,256Kb,16,2,2
gw1nrf4b-002,GW1NRF-LV4BQN48C5/I4,GW1NRF,GW1NRF-4B,QFN48,LV,C5/I4,5,25,4608,3456,,180Kb,256Kb,16,2,2
gw1nrf4b-003,GW1NRF-UV4BQN48C5/I4,GW1NRF,GW1NRF-4B,QFN48,UV,C5/I4,5,25,4608,3456,,180Kb,256Kb,16,2,2
gw1nrf4b-004,GW1NRF-LV4BQN48EC6/I5,GW1NRF,GW1NRF-4B,QFN48E,LV,C6/I5,6,25,4608,3456,,180Kb,256Kb,16,2,2
gw1nrf4b-005,GW1NRF-LV4BQN48EC5/I4,GW1NRF,GW1NRF-4B,QFN48E,LV,C5/I4,5,25,4608,3456,,180Kb,256Kb,16,2,2
gw1nsr4c-000,GW1NSR-LV4CQN48PC6/I5,GW1NSR,GW1NSR-4C,QFN48P,LV,C6/I5,6,38,4608,3456,,180Kb,256Kb,16,2,2
gw1nsr4c-001,GW1NSR-LV4CQN48GC6/I5,GW1NSR,GW1NSR-4C,QFN48G,LV,C6/I5,6,38,4608,3456,,180Kb,256Kb,16,2,2
gw1nsr4c-002,GW1NSR-LV4CMG64PC6/I5,GW1NSR,GW1NSR-4C,MBGA64P,LV,C6/I5,6,55,4608,3456,,180Kb,256Kb,16,2,2
gw1nsr4c-003,GW1NSR-LV4CQN48PC5/I4,GW1NSR,GW1NSR-4C,QFN48P,LV,C5/I4,5,38,4608,3456,,180Kb,256Kb,16,2,2
gw1nsr4c-004,GW1NSR-LV4CQN48GC5/I4,GW1NSR,GW1NSR-4C,QFN48G,LV,C5/I4,5,38,4608,3456,,180Kb,256Kb,16,2,2
gw1nsr4c-005,GW1NSR-LV4CMG64PC5/I4,GW1NSR,GW1NSR-4C,MBGA64P,LV,C5/I4,5,55,4608,3456,,180Kb,256Kb,16,2,2
gw2a55c-000,GW2A-LV55UG324C9/I8,GW2A,GW2A-55C,UBGA324,LV,C9/I8,9,239,54720,41040,109440bit,2520Kb,,40,6,4
gw2a55c-001,GW2A-LV55UG324C8/I7,GW2A,GW2A-55C,UBGA324,LV,C8/I7,8,239,54720,41040,109440bit,2520Kb,,40,6,4
gw2a55c-002,GW2A-LV55UG324C7/I6,GW2A,GW2A-55C,UBGA324,LV,C7/I6,7,239,54720,41040,109440bit,2520Kb,,40,6,4
gw2a55c-003,GW2A-LV55UG324DC8/I7,GW2A,GW2A-55C,UBGA324D,LV,C8/I7,8,239,54720,41040,109440bit,2520Kb,,40,6,4
gw2a55c-004,GW2A-LV55PG484C9/I8,GW2A,GW2A-55C,PBGA484,LV,C9/I8,9,319,54720,41040,109440bit,2520Kb,,40,6,4
gw2a55c-005,GW2A-LV55PG484C8/I7,GW2A,GW2A-55C,PBGA484,LV,C8/I7,8,319,54720,41040,109440bit,2520Kb,,40,6,4
gw2a55c-006,GW2A-LV55PG484C7/I6,GW2A,GW2A-55C,PBGA484,LV,C7/I6,7,319,54720,41040,109440bit,2520Kb,,40,6,4
gw2a55c-007,GW2A-LV55PG484A6,GW2A,GW2A-55C,PBGA484,LV,A6,6,319,54720,41040,109440bit,2520Kb,,40,6,4
gw2a55c-008,GW2A-LV55PG1156C8/I7,GW2A,GW2A-55C,PBGA1156,LV,C8/I7,8,607,54720,41040,109440bit,2520Kb,,40,6,4
gw2a55c-009,GW2A-LV55PG1156C7/I6,GW2A,GW2A-55C,PBGA1156,LV,C7/I6,7,607,54720,41040,109440bit,2520Kb,,40,6,4
gw1ns4c-000,GW1NS-LV4CQN48C6/I5,GW1NS,GW1NS-4C,QFN48,LV,C6/I5,6,38,4608,3456,,180Kb,256Kb,16,2,2
gw1ns4c-001,GW1NS-LV4CQN48C5/I4,GW1NS,GW1NS-4C,QFN48,LV,C5/I4,5,38,4608,3456,,180Kb,256Kb,16,2,2
gw1ns4c-002,GW1NS-LV4CQN48ES,GW1NS,GW1NS-4C,QFN48,LV,ES,5,38,4608,3456,,180Kb,256Kb,16,2,2
gw1ns4c-003,GW1NS-LV4CCS49C6/I5,GW1NS,GW1NS-4C,WLCSP49,LV,C6/I5,6,42,4608,3456,,180Kb,256Kb,16,2,2
gw1ns4c-004,GW1NS-LV4CCS49C5/I4,GW1NS,GW1NS-4C,WLCSP49,LV,C5/I4,5,42,4608,3456,,180Kb,256Kb,16,2,2
gw2a18c-000,GW2A-LV18QN88A6,GW2A,GW2A-18C,QFN88,LV,A6,6,66,20736,15552,41472bit,828Kb,,48,2,4
gw2a18c-001,GW2A-LV18QN88C8/I7,GW2A,GW2A-18C,QFN88,LV,C8/I7,8,66,20736,15552,41472bit,828Kb,,48,2,4
gw2a18c-002,GW2A-LV18QN88C7/I6,GW2A,GW2A-18C,QFN88,LV,C7/I6,7,66,20736,15552,41472bit,828Kb,,48,2,4
gw2a18c-003,GW2A-LV18LQ144C8/I7,GW2A,GW2A-18C,LQFP144,LV,C8/I7,8,119,20736,15552,41472bit,828Kb,,48,4,4
gw2a18c-004,GW2A-LV18LQ144C7/I6,GW2A,GW2A-18C,LQFP144,LV,C7/I6,7,119,20736,15552,41472bit,828Kb,,48,4,4
gw2a18c-005,GW2A-LV18EQ144C8/I7,GW2A,GW2A-18C,eLQFP144,LV,C8/I7,8,119,20736,15552,41472bit,828Kb,,48,4,4
gw2a18c-006,GW2A-LV18EQ144C7/I6,GW2A,GW2A-18C,eLQFP144,LV,C7/I6,7,119,20736,15552,41472bit,828Kb,,48,4,4
gw2a18c-007,GW2A-LV18MG196C8/I7,GW2A,GW2A-18C,MBGA196,LV,C8/I7,8,114,20736,15552,41472bit,828Kb,,48,4,4
gw2a18c-008,GW2A-LV18MG196C7/I6,GW2A,GW2A-18C,MBGA196,LV,C7/I6,7,114,20736,15552,41472bit,828Kb,,48,4,4
gw2a18c-009,GW2A-LV18PG256SC8/I7,GW2A,GW2A-18C,PBGA256S,LV,C8/I7,8,192,20736,15552,41472bit,828Kb,,48,4,4
gw2a18c-010,GW2A-LV18PG256SC7/I6,GW2A,GW2A-18C,PBGA256S,LV,C7/I6,7,192,20736,15552,41472bit,828Kb,,48,4,4
gw2a18c-011,GW2A-LV18PG256C8/I7,GW2A,GW2A-18C,PBGA256,LV,C8/I7,8,207,20736,15552,41472bit,828Kb,,48,4,4
gw2a18c-012,GW2A-LV18PG256C7/I6,GW2A,GW2A-18C,PBGA256,LV,C7/I6,7,207,20736,15552,41472bit,828Kb,,48,4,4
gw2a18c-013,GW2A-LV18PG256C9/I8,GW2A,GW2A-18C,PBGA256,LV,C9/I8,9,207,20736,15552,41472bit,828Kb,,48,4,4
gw2a18c-014,GW2A-LV18PG256CC8/I7,GW2A,GW2A-18C,PBGA256C,LV,C8/I7,8,190,20736,15552,41472bit,828Kb,,48,4,4
gw2a18c-015,GW2A-LV18PG256CC7/I6,GW2A,GW2A-18C,PBGA256C,LV,C7/I6,7,190,20736,15552,41472bit,828Kb,,48,4,4
gw2a18c-016,GW2A-LV18PG256EC8/I7,GW2A,GW2A-18C,PBGA256E,LV,C8/I7,8,162,20736,15552,41472bit,828Kb,,48,4,4
gw2a18c-017,GW2A-LV18UG324C8/I7,GW2A,GW2A-18C,UBGA324,LV,C8/I7,8,239,20736,15552,41472bit,828Kb,,48,4,4
gw2a18c-018,GW2A-LV18UG324C7/I6,GW2A,GW2A-18C,UBGA324,LV,C7/I6,7,239,20736,15552,41472bit,828Kb,,48,4,4
gw2a18c-019,GW2A-LV18PG484A6,GW2A,GW2A-18C,PBGA484,LV,A6,6,319,20736,15552,41472bit,828Kb,,48,4,4
gw2a18c-020,GW2A-LV18PG484C9/I8,GW2A,GW2A-18C,PBGA484,LV,C9/I8,9,319,20736,15552,41472bit,828Kb,,48,4,4
gw2a18c-021,GW2A-LV18PG484C8/I7,GW2A,GW2A-18C,PBGA484,LV,C8/I7,8,319,20736,15552,41472bit,828Kb,,48,4,4
gw2a18c-022,GW2A-LV18PG484C7/I6,GW2A,GW2A-18C,PBGA484,LV,C7/I6,7,319,20736,15552,41472bit,828Kb,,48,4,4
gw2ar18c-000,GW2AR-LV18QN88C8/I7,GW2AR,GW2AR-18C,QFN88,LV,C8/I7,8,66,20736,15552,41472bit,828Kb,,48,2,4
gw2ar18c-001,GW2AR-LV18QN88C7/I6,GW2AR,GW2AR-18C,QFN88,LV,C7/I6,7,66,20736,15552,41472bit,828Kb,,48,2,4
gw2ar18c-002,GW2AR-LV18LQ144C8/I7,GW2AR,GW2AR-18C,LQFP144,LV,C8/I7,8,120,20736,15552,41472bit,828Kb,,48,4,4
gw2ar18c-003,GW2AR-LV18LQ144C7/I6,GW2AR,GW2AR-18C,LQFP144,LV,C7/I6,7,120,20736,15552,41472bit,828Kb,,48,4,4
gw2ar18c-004,GW2AR-LV18EQ144C8/I7,GW2AR,GW2AR-18C,eLQFP144,LV,C8/I7,8,120,20736,15552,41472bit,828Kb,,48,4,4
gw2ar18c-005,GW2AR-LV18EQ144C7/I6,GW2AR,GW2AR-18C,eLQFP144,LV,C7/I6,7,120,20736,15552,41472bit,828Kb,,48,4,4
gw2ar18c-006,GW2AR-LV18LQ176C9/I8,GW2AR,GW2AR-18C,LQFP176,LV,C9/I8,9,140,20736,15552,41472bit,828Kb,,48,3,4
gw2ar18c-007,GW2AR-LV18LQ176C8/I7,GW2AR,GW2AR-18C,LQFP176,LV,C8/I7,8,140,20736,15552,41472bit,828Kb,,48,3,4
gw2ar18c-008,GW2AR-LV18LQ176C7/I6,GW2AR,GW2AR-18C,LQFP176,LV,C7/I6,7,140,20736,15552,41472bit,828Kb,,48,3,4
gw2ar18c-009,GW2AR-LV18EQ176C8/I7,GW2AR,GW2AR-18C,eLQFP176,LV,C8/I7,8,140,20736,15552,41472bit,828Kb,,48,3,4
gw2ar18c-010,GW2AR-LV18EQ176C7/I6,GW2AR,GW2AR-18C,eLQFP176,LV,C7/I6,7,140,20736,15552,41472bit,828Kb,,48,3,4
gw2ar18c-011,GW2AR-LV18QN88PC8/I7,GW2AR,GW2AR-18C,QFN88,LV,C8/I7,8,66,20736,15552,41472bit,828Kb,,48,2,4
gw2ar18c-012,GW2AR-LV18QN88PC7/I6,GW2AR,GW2AR-18C,QFN88,LV,C7/I6,7,66,20736,15552,41472bit,828Kb,,48,2,4
gw2ar18c-013,GW2AR-LV18EQ144PC9/I8,GW2AR,GW2AR-18C,eLQFP144,LV,C9/I8,9,120,20736,15552,41472bit,828Kb,,48,4,4
gw2ar18c-014,GW2AR-LV18EQ144PC8/I7,GW2AR,GW2AR-18C,eLQFP144,LV,C8/I7,8,120,20736,15552,41472bit,828Kb,,48,4,4
gw2ar18c-015,GW2AR-LV18EQ144PC7/I6,GW2AR,GW2AR-18C,eLQFP144,LV,C7/I6,7,120,20736,15552,41472bit,828Kb,,48,4,4
